source,language,article_id,url,title,extracted_at,climate_max_sim,climate_best_keyword,health_max_sim,health_best_keyword,climate_threshold,health_threshold,category
aftonbladet_se,Swedish,46,https://www.aftonbladet.se/tagg/yellowstone-tv-serie,Yellowstone (tv-serie),2026-03-08 16:10:38,0.6032,heatwave,0.5966,hunger,0.60,0.62,climate
aftonbladet_se,Swedish,106,https://www.aftonbladet.se/tagg/whitney-houston,Whitney Houston,2026-03-08 16:12:03,0.6183,heatwave,0.6307,west nile virus,0.60,0.62,climate+health
aftonbladet_se,Swedish,109,https://www.aftonbladet.se/tagg/whatsapp,Whatsapp,2026-03-08 16:12:06,0.6082,heatwave,0.6110,undernourishment,0.60,0.62,climate
aftonbladet_se,Swedish,157,https://www.aftonbladet.se/tagg/viveca-sten,Viveca Sten,2026-03-08 16:13:08,0.6031,heatwave,0.6292,west nile virus,0.60,0.62,climate+health
aftonbladet_se,Swedish,162,https://www.aftonbladet.se/tagg/vita-huset-washington-dc,"Vita huset, Washington DC",2026-03-08 16:13:13,0.6051,heatwave,0.6457,west nile virus,0.60,0.62,climate+health
aftonbladet_se,Swedish,176,https://www.aftonbladet.se/tagg/virginia,Virginia,2026-03-08 16:13:33,0.5963,extreme event,0.6496,west nile virus,0.60,0.62,health
aftonbladet_se,Swedish,179,https://www.aftonbladet.se/tagg/vintertid,Vintertid,2026-03-08 16:13:36,0.6066,heatwave,0.5993,casualties,0.60,0.62,climate
aftonbladet_se,Swedish,181,https://www.aftonbladet.se/tagg/vintersport,Vintersport,2026-03-08 16:13:39,0.6065,extreme event,0.6118,casualties,0.60,0.62,climate
aftonbladet_se,Swedish,207,https://www.aftonbladet.se/tagg/vilgot-serie,Vilgot (serie),2026-03-08 16:14:12,0.6197,heatwave,0.6203,hunger,0.60,0.62,climate+health
aftonbladet_se,Swedish,221,https://www.aftonbladet.se/tagg/viktor-frisk,Viktor Frisk,2026-03-08 16:14:31,0.5863,heatwave,0.6223,hunger,0.60,0.62,health
aftonbladet_se,Swedish,244,https://www.aftonbladet.se/tagg/victor-nilsson-lindelof,Victor Nilsson Lindelöf,2026-03-08 16:14:59,0.6046,heatwave,0.5875,west nile virus,0.60,0.62,climate
aftonbladet_se,Swedish,258,https://www.aftonbladet.se/tagg/viaplay,Viaplay,2026-03-08 16:15:15,0.6320,heatwave,0.6389,casualties,0.60,0.62,climate+health
aftonbladet_se,Swedish,259,https://www.aftonbladet.se/tagg/viafree,Viafree,2026-03-08 16:15:17,0.5882,heatwave,0.6292,casualties,0.60,0.62,health
aftonbladet_se,Swedish,282,https://www.aftonbladet.se/tagg/vellinge,Vellinge,2026-03-08 16:15:47,0.5914,heatwave,0.6214,west nile virus,0.60,0.62,health
aftonbladet_se,Swedish,364,https://www.aftonbladet.se/tagg/vard-omsorg,Vård & omsorg,2026-03-08 16:17:28,0.5716,climate crisis,0.6234,undernourishment,0.60,0.62,health
aftonbladet_se,Swedish,371,https://www.aftonbladet.se/tagg/varby,Vårby,2026-03-08 16:17:37,0.6108,heatwave,0.6137,hunger,0.60,0.62,climate
aftonbladet_se,Swedish,446,https://www.aftonbladet.se/tagg/uzbekistan,Uzbekistan,2026-03-08 16:19:12,0.6120,heatwave,0.6473,deaths,0.60,0.62,climate+health
aftonbladet_se,Swedish,472,https://www.aftonbladet.se/tagg/usa-podden,USA-podden,2026-03-08 16:19:46,0.6047,heatwave,0.6142,casualties,0.60,0.62,climate
aftonbladet_se,Swedish,488,https://www.aftonbladet.se/tagg/upplands-bro,Upplands-Bro,2026-03-08 16:20:09,0.6320,heatwave,0.6568,deaths,0.60,0.62,climate+health
aftonbladet_se,Swedish,584,https://www.aftonbladet.se/nyheter/a/LAyG14/flyglarmet-gar-da-skyddar-elefanterna-sina-ungar,Flyglarmet går - då skyddar elefanterna sina ungar,2026-03-08 16:22:10,0.5858,heatwave,0.6207,hunger,0.60,0.62,health
aftonbladet_se,Swedish,733,https://www.aftonbladet.se/nyheter/a/9vjyrW/polis-dod-efter-skottlossning,Polis död efter skottlossning,2026-03-08 16:25:22,0.5372,heatwave,0.6785,deaths,0.60,0.62,health
aftonbladet_se,Swedish,746,https://www.aftonbladet.se/tagg/biobranslen,Biobränslen,2026-03-08 16:25:50,0.6018,climate crisis,0.6258,deaths,0.60,0.62,climate+health
aftonbladet_se,Swedish,753,https://www.aftonbladet.se/tagg/billy-mcfarland,Billy McFarland,2026-03-08 16:25:58,0.5879,heatwave,0.6256,undernourishment,0.60,0.62,health
aftonbladet_se,Swedish,781,https://www.aftonbladet.se/tagg/bianca-wahlgren-ingrosso,Bianca Wahlgren Ingrosso,2026-03-08 16:26:32,0.6013,heatwave,0.6380,casualties,0.60,0.62,climate+health
aftonbladet_se,Swedish,806,https://www.aftonbladet.se/tagg/bergsklattring,Bergsklättring,2026-03-08 16:27:03,0.6123,heatwave,0.5996,hunger,0.60,0.62,climate
aftonbladet_se,Swedish,814,https://www.aftonbladet.se/tagg/berga,Berga,2026-03-08 16:27:14,0.6016,heatwave,0.6195,casualties,0.60,0.62,climate
aftonbladet_se,Swedish,833,https://www.aftonbladet.se/tagg/bemanning,Bemanning,2026-03-08 16:27:39,0.5662,heatwave,0.6272,undernourishment,0.60,0.62,health
aftonbladet_se,Swedish,846,https://www.aftonbladet.se/tagg/behrouz-berra-badreh,Behrouz ”Berra” Badreh,2026-03-08 16:27:55,0.6203,heatwave,0.6514,hunger,0.60,0.62,climate+health
aftonbladet_se,Swedish,885,https://www.aftonbladet.se/tagg/barnsjukdomar,Barnsjukdomar | Family,2026-03-08 16:28:47,0.5501,climate crisis,0.6215,illnesses,0.60,0.62,health
aftonbladet_se,Swedish,924,https://www.aftonbladet.se/tagg/baltikum,Baltikum,2026-03-08 16:29:33,0.6359,heatwave,0.6360,west nile virus,0.60,0.62,climate+health
aftonbladet_se,Swedish,942,https://www.aftonbladet.se/tagg/backhoppning,Backhoppning,2026-03-08 16:29:56,0.6004,heatwave,0.6075,casualties,0.60,0.62,climate
aftonbladet_se,Swedish,950,https://www.aftonbladet.se/tagg/ayo-edebiri,Ayo Edebiri,2026-03-08 16:30:05,0.6431,heatwave,0.6692,west nile virus,0.60,0.62,climate+health
aftonbladet_se,Swedish,980,https://www.aftonbladet.se/tagg/austin,Austin,2026-03-08 16:30:43,0.5637,heatwave,0.6278,deaths,0.60,0.62,health
aftonbladet_se,Swedish,983,https://www.aftonbladet.se/tagg/aurora-17,Aurora 17,2026-03-08 16:30:47,0.6031,heatwave,0.6055,west nile virus,0.60,0.62,climate
aftonbladet_se,Swedish,1035,https://www.aftonbladet.se/tagg/asien,Asien,2026-03-08 16:31:50,0.6106,heatwave,0.6627,hunger,0.60,0.62,climate+health
aftonbladet_se,Swedish,1102,https://www.aftonbladet.se/tagg/argentina,Argentina,2026-03-08 16:33:11,0.6088,extreme event,0.6049,casualties,0.60,0.62,climate
aftonbladet_se,Swedish,1111,https://www.aftonbladet.se/tagg/ardalan-esmaili,Ardalan Esmaili,2026-03-08 16:33:21,0.5964,heatwave,0.6271,hunger,0.60,0.62,health
aftonbladet_se,Swedish,1117,https://www.aftonbladet.se/tagg/arbetsplatsolyckor,Arbetsplatsolyckor,2026-03-08 16:33:26,0.6249,heatwave,0.6199,casualties,0.60,0.62,climate
aftonbladet_se,Swedish,1142,https://www.aftonbladet.se/tagg/apollo,Apollo,2026-03-08 16:33:56,0.6232,heatwave,0.6321,casualties,0.60,0.62,climate+health
aftonbladet_se,Swedish,1193,https://www.aftonbladet.se/tagg/anorexia,Anorexia,2026-03-08 16:34:59,0.5558,climate crisis,0.6581,malnourishment,0.60,0.62,health
aftonbladet_se,Swedish,1257,https://www.aftonbladet.se/tagg/anna-hallberg,Anna Hallberg,2026-03-08 16:36:17,0.6142,heatwave,0.6074,casualties,0.60,0.62,climate
aftonbladet_se,Swedish,1259,https://www.aftonbladet.se/tagg/anna-granath,Anna Granath,2026-03-08 16:36:19,0.6041,heatwave,0.6436,hunger,0.60,0.62,climate+health
aftonbladet_se,Swedish,1264,https://www.aftonbladet.se/tagg/anna-book,Anna Book,2026-03-08 16:36:25,0.5948,heatwave,0.6480,casualties,0.60,0.62,health
aftonbladet_se,Swedish,1323,https://www.aftonbladet.se/tagg/andreas-johnson,Andreas Johnson,2026-03-08 16:37:39,0.6019,heatwave,0.6250,hunger,0.60,0.62,climate+health
aftonbladet_se,Swedish,1390,https://www.aftonbladet.se/tagg/analys,Analys,2026-03-08 16:39:03,0.6370,heatwave,0.6457,undernourishment,0.60,0.62,climate+health
aftonbladet_se,Swedish,1403,https://www.aftonbladet.se/tagg/amning,Amning,2026-03-08 16:39:18,0.5694,extreme event,0.6398,undernourishment,0.60,0.62,health
aftonbladet_se,Swedish,1407,https://www.aftonbladet.se/tagg/amineh-kakabaveh,Amineh Kakabaveh,2026-03-08 16:39:23,0.6226,heatwave,0.6636,west nile virus,0.60,0.62,climate+health
aftonbladet_se,Swedish,1409,https://www.aftonbladet.se/tagg/amie-bramme-sey,Amie Bramme Sey,2026-03-08 16:39:25,0.5904,heatwave,0.6286,casualties,0.60,0.62,health
aftonbladet_se,Swedish,1413,https://www.aftonbladet.se/tagg/amena-alsameai,Amena Alsameai,2026-03-08 16:39:31,0.6068,heatwave,0.6261,hunger,0.60,0.62,climate+health
aftonbladet_se,Swedish,1415,https://www.aftonbladet.se/tagg/amber-heard,Amber Heard,2026-03-08 16:39:34,0.5967,heatwave,0.6256,casualties,0.60,0.62,health
aftonbladet_se,Swedish,1448,https://www.aftonbladet.se/tagg/alvaro-estrella,Alvaro Estrella,2026-03-08 16:40:14,0.6078,heatwave,0.6057,casualties,0.60,0.62,climate
aftonbladet_se,Swedish,1456,https://www.aftonbladet.se/tagg/al-qaida,al-Qaida,2026-03-08 16:40:24,0.5995,heatwave,0.6362,hunger,0.60,0.62,health
aftonbladet_se,Swedish,1475,https://www.aftonbladet.se/tagg/allergi,Allergi,2026-03-08 16:40:47,0.5838,extreme event,0.6289,casualties,0.60,0.62,health
aftonbladet_se,Swedish,1480,https://www.aftonbladet.se/tagg/alla-dejtar-alla-realityserie,Alla dejtar alla (realityserie),2026-03-08 16:40:53,0.6025,heatwave,0.6388,casualties,0.60,0.62,climate+health
aftonbladet_se,Swedish,1483,https://www.aftonbladet.se/tagg/al-jazeera,Al Jazeera,2026-03-08 16:40:58,0.6129,heatwave,0.6342,west nile virus,0.60,0.62,climate+health
aftonbladet_se,Swedish,1488,https://www.aftonbladet.se/tagg/ali-mirazimi,Ali Mirazimi,2026-03-08 16:41:04,0.5776,heatwave,0.6313,west nile virus,0.60,0.62,health
aftonbladet_se,Swedish,1501,https://www.aftonbladet.se/tagg/alger,Alger,2026-03-08 16:41:21,0.6024,heatwave,0.6347,casualties,0.60,0.62,climate+health
aftonbladet_se,Swedish,1526,https://www.aftonbladet.se/tagg/alexandra-pascalidou,Alexandra Pascalidou,2026-03-08 16:41:49,0.5963,heatwave,0.6208,casualties,0.60,0.62,health
aftonbladet_se,Swedish,1559,https://www.aftonbladet.se/tagg/alexander-abdallah,Alexander Abdallah,2026-03-08 16:42:28,0.6022,heatwave,0.6434,west nile virus,0.60,0.62,climate+health
aftonbladet_se,Swedish,1566,https://www.aftonbladet.se/tagg/aleksandr-litvinenko,Aleksandr Litvinenko,2026-03-08 16:42:38,0.5890,heatwave,0.6448,deaths,0.60,0.62,health
aftonbladet_se,Swedish,1575,https://www.aftonbladet.se/tagg/albin-tingwall,Albin Tingwall,2026-03-08 16:42:49,0.6297,heatwave,0.6534,casualties,0.60,0.62,climate+health
aftonbladet_se,Swedish,1583,https://www.aftonbladet.se/tagg/alanya,Alanya,2026-03-08 16:42:59,0.6002,heatwave,0.5914,hunger,0.60,0.62,climate
aftonbladet_se,Swedish,1606,https://www.aftonbladet.se/tagg/aimee-lou-wood,Aimee Lou Wood,2026-03-08 16:43:28,0.6401,heatwave,0.6552,west nile virus,0.60,0.62,climate+health
aftonbladet_se,Swedish,1614,https://www.aftonbladet.se/tagg/aida-hadzialic,Aida Hadzialic,2026-03-08 16:43:36,0.5942,heatwave,0.6225,undernourishment,0.60,0.62,health
aftonbladet_se,Swedish,1633,https://www.aftonbladet.se/tagg/aftonbladet-inizio,Aftonbladet Inizio,2026-03-08 16:44:05,0.6272,changing climates,0.5951,undernourishment,0.60,0.62,climate
aftonbladet_se,Swedish,1644,https://www.aftonbladet.se/tagg/afghanistan,Afghanistan,2026-03-08 16:44:19,0.6132,heatwave,0.6501,hunger,0.60,0.62,climate+health
aftonbladet_se,Swedish,1661,https://www.aftonbladet.se/tagg/adnan-syed,Adnan Syed,2026-03-08 16:44:40,0.6023,heatwave,0.6413,west nile virus,0.60,0.62,climate+health
aftonbladet_se,Swedish,1686,https://www.aftonbladet.se/tagg/ace-of-base,Ace of Base,2026-03-08 16:45:13,0.6116,heatwave,0.6419,casualties,0.60,0.62,climate+health
aftonbladet_se,Swedish,1701,https://www.aftonbladet.se/tagg/abdelaziz-bouteflika,Abdelaziz Bouteflika,2026-03-08 16:45:30,0.5810,heatwave,0.6231,casualties,0.60,0.62,health
aftonbladet_se,Swedish,1799,https://www.aftonbladet.se/tagg/dragomir-mrsic,Dragomir Mrsic,2026-03-08 16:47:38,0.6036,heatwave,0.6251,west nile virus,0.60,0.62,climate+health
aftonbladet_se,Swedish,1812,https://www.aftonbladet.se/tagg/dopning,Dopning,2026-03-08 16:47:54,0.5969,extreme event,0.6364,undernourishment,0.60,0.62,health
aftonbladet_se,Swedish,1822,https://www.aftonbladet.se/tagg/domstolsverket,Domstolsverket,2026-03-08 16:48:07,0.6037,heatwave,0.6348,casualties,0.60,0.62,climate+health
aftonbladet_se,Swedish,1841,https://www.aftonbladet.se/tagg/dmitrij-muratov,Dmitrij Muratov,2026-03-08 16:48:33,0.6018,heatwave,0.6369,hunger,0.60,0.62,climate+health
aftonbladet_se,Swedish,1867,https://www.aftonbladet.se/tagg/discovery,Discovery,2026-03-08 16:49:05,0.6045,heatwave,0.6191,undernourishment,0.60,0.62,climate
aftonbladet_se,Swedish,1895,https://www.aftonbladet.se/tagg/diabetes-typ-1,Diabetes typ 1,2026-03-08 16:49:40,0.5513,changing climates,0.6495,illnesses,0.60,0.62,health
aftonbladet_se,Swedish,1904,https://www.aftonbladet.se/tagg/desinformation,Desinformation,2026-03-08 16:49:51,0.6039,climate crisis,0.6465,undernourishment,0.60,0.62,climate+health
aftonbladet_se,Swedish,1914,https://www.aftonbladet.se/tagg/denver,Denver,2026-03-08 16:50:03,0.5898,heatwave,0.6286,casualties,0.60,0.62,health
aftonbladet_se,Swedish,1921,https://www.aftonbladet.se/tagg/demoskop,Demoskop,2026-03-08 16:50:11,0.6311,heatwave,0.6380,deaths,0.60,0.62,climate+health
aftonbladet_se,Swedish,1932,https://www.aftonbladet.se/tagg/delfiner,Delfiner,2026-03-08 16:50:23,0.5874,heatwave,0.6282,west nile virus,0.60,0.62,health
aftonbladet_se,Swedish,1936,https://www.aftonbladet.se/tagg/dejting,Dejting,2026-03-08 16:50:27,0.6053,heatwave,0.6402,casualties,0.60,0.62,climate+health
aftonbladet_se,Swedish,1968,https://www.aftonbladet.se/tagg/david-hellenius,David Hellenius,2026-03-08 16:51:06,0.6062,heatwave,0.6127,hunger,0.60,0.62,climate
aftonbladet_se,Swedish,1975,https://www.aftonbladet.se/tagg/david-dencik,David Dencik,2026-03-08 16:51:15,0.6042,heatwave,0.6223,deaths,0.60,0.62,climate+health
aftonbladet_se,Swedish,1991,https://www.aftonbladet.se/tagg/darknet,Darknet,2026-03-08 16:51:35,0.6145,heatwave,0.6507,casualties,0.60,0.62,climate+health
aftonbladet_se,Swedish,2014,https://www.aftonbladet.se/tagg/daniel-svensson,Daniel Svensson,2026-03-08 16:52:05,0.6236,heatwave,0.6192,undernourishment,0.60,0.62,climate
aftonbladet_se,Swedish,2029,https://www.aftonbladet.se/tagg/daniel-paris,Daniel Paris,2026-03-08 16:52:23,0.6058,heatwave,0.6349,casualties,0.60,0.62,climate+health
aftonbladet_se,Swedish,2045,https://www.aftonbladet.se/tagg/daniel-cormier,Daniel Cormier,2026-03-08 16:52:43,0.5996,heatwave,0.6281,casualties,0.60,0.62,health
aftonbladet_se,Swedish,2078,https://www.aftonbladet.se/tagg/dakarrallyt,Dakarrallyt,2026-03-08 16:53:21,0.6278,heatwave,0.6296,west nile virus,0.60,0.62,climate+health
aftonbladet_se,Swedish,2098,https://www.aftonbladet.se/tagg/cypern,Cypern,2026-03-08 16:53:44,0.6419,heatwave,0.6304,deaths,0.60,0.62,climate+health
aftonbladet_se,Swedish,2100,https://www.aftonbladet.se/tagg/cyklon,Cyklon,2026-03-08 16:53:46,0.6011,climate emergencies,0.5834,deaths,0.60,0.62,climate
aftonbladet_se,Swedish,2112,https://www.aftonbladet.se/tagg/crowdstrike,Crowdstrike,2026-03-08 16:54:01,0.6072,extreme event,0.6064,casualties,0.60,0.62,climate
aftonbladet_se,Swedish,2125,https://www.aftonbladet.se/tagg/costa-del-sol,Costa del Sol,2026-03-08 16:54:18,0.6186,heatwave,0.6275,casualties,0.60,0.62,climate+health
aftonbladet_se,Swedish,2127,https://www.aftonbladet.se/tagg/coronaviruset,Coronaviruset,2026-03-08 16:54:20,0.6181,heatwave,0.6801,west nile virus,0.60,0.62,climate+health
aftonbladet_se,Swedish,2141,https://www.aftonbladet.se/tagg/cop27,COP27,2026-03-08 16:54:37,0.6478,climate crisis,0.6087,west nile virus,0.60,0.62,climate
aftonbladet_se,Swedish,2164,https://www.aftonbladet.se/tagg/cole-sprouse,Cole Sprouse,2026-03-08 16:55:08,0.5953,heatwave,0.6327,casualties,0.60,0.62,health
aftonbladet_se,Swedish,2166,https://www.aftonbladet.se/tagg/cold-case,Cold case,2026-03-08 16:55:10,0.6169,heatwave,0.6561,deaths,0.60,0.62,climate+health
aftonbladet_se,Swedish,2171,https://www.aftonbladet.se/tagg/c-more,C More,2026-03-08 16:55:17,0.6066,extreme event,0.6152,casualties,0.60,0.62,climate
aftonbladet_se,Swedish,2191,https://www.aftonbladet.se/tagg/claes-hemberg,Claes Hemberg – f.d. sparekonom på Avanza Bank,2026-03-08 16:55:42,0.6047,heatwave,0.6342,undernourishment,0.60,0.62,climate+health
aftonbladet_se,Swedish,2199,https://www.aftonbladet.se/tagg/citybanan,Citybanan,2026-03-08 16:55:51,0.6258,heatwave,0.6667,casualties,0.60,0.62,climate+health
aftonbladet_se,Swedish,2222,https://www.aftonbladet.se/tagg/christofer-fjellner,Christofer Fjellner,2026-03-08 16:56:20,0.6047,heatwave,0.6293,hunger,0.60,0.62,climate+health
aftonbladet_se,Swedish,2250,https://www.aftonbladet.se/tagg/chris-pratt,Chris Pratt,2026-03-08 16:56:54,0.6043,heatwave,0.6109,west nile virus,0.60,0.62,climate
aftonbladet_se,Swedish,2259,https://www.aftonbladet.se/tagg/chris-brown,Chris Brown,2026-03-08 16:57:05,0.5935,heatwave,0.6232,casualties,0.60,0.62,health
aftonbladet_se,Swedish,2274,https://www.aftonbladet.se/tagg/chatbot,chatbot,2026-03-08 16:57:24,0.6240,heatwave,0.6328,casualties,0.60,0.62,climate+health
aftonbladet_se,Swedish,2285,https://www.aftonbladet.se/tagg/charlie-kirk,Charlie Kirk,2026-03-08 16:57:39,0.6125,heatwave,0.6391,casualties,0.60,0.62,climate+health
aftonbladet_se,Swedish,2289,https://www.aftonbladet.se/tagg/charles-michel,Charles Michel,2026-03-08 16:57:44,0.6262,heatwave,0.6331,west nile virus,0.60,0.62,climate+health
aftonbladet_se,Swedish,2295,https://www.aftonbladet.se/tagg/chang-frick,Chang Frick,2026-03-08 16:57:51,0.5848,heatwave,0.6224,casualties,0.60,0.62,health
aftonbladet_se,Swedish,2307,https://www.aftonbladet.se/tagg/centralafrikanska-republiken,Centralafrikanska republiken,2026-03-08 16:58:07,0.5437,heatwave,0.6354,west nile virus,0.60,0.62,health
aftonbladet_se,Swedish,2384,https://www.aftonbladet.se/tagg/carina-bergfeldt,Carina Bergfeldt,2026-03-08 16:59:44,0.5704,extreme event,0.6406,deaths,0.60,0.62,health
aftonbladet_se,Swedish,2399,https://www.aftonbladet.se/tagg/campus-manilla,Campus Manilla,2026-03-08 17:00:02,0.6116,heatwave,0.6318,casualties,0.60,0.62,climate+health
aftonbladet_se,Swedish,2428,https://www.aftonbladet.se/tagg/byggnads,Byggnads,2026-03-08 17:00:40,0.6118,heatwave,0.6241,casualties,0.60,0.62,climate+health
aftonbladet_se,Swedish,2458,https://www.aftonbladet.se/tagg/bryssel,Bryssel,2026-03-08 17:01:15,0.6071,heatwave,0.6061,west nile virus,0.60,0.62,climate
aftonbladet_se,Swedish,2464,https://www.aftonbladet.se/tagg/bruce-dickinson,Bruce Dickinson,2026-03-08 17:01:23,0.5947,heatwave,0.6384,casualties,0.60,0.62,health
aftonbladet_se,Swedish,2478,https://www.aftonbladet.se/tagg/brollop,Bröllop,2026-03-08 17:01:41,0.5977,heatwave,0.6504,hunger,0.60,0.62,health
aftonbladet_se,Swedish,2526,https://www.aftonbladet.se/tagg/boxning,Boxning,2026-03-08 17:02:45,0.5693,extreme event,0.6340,deaths,0.60,0.62,health
aftonbladet_se,Swedish,2563,https://www.aftonbladet.se/tagg/borensberg,Borensberg,2026-03-08 17:03:31,0.5554,heatwave,0.6307,deaths,0.60,0.62,health
aftonbladet_se,Swedish,2596,https://www.aftonbladet.se/tagg/boko-haram,Boko Haram,2026-03-08 17:04:14,0.5591,heatwave,0.6304,deaths,0.60,0.62,health
aftonbladet_se,Swedish,2628,https://www.aftonbladet.se/tagg/bloggar,Bloggar,2026-03-08 17:04:53,0.5987,heatwave,0.6207,casualties,0.60,0.62,health
aftonbladet_se,Swedish,2681,https://www.aftonbladet.se/tagg/birmingham,Birmingham,2026-03-08 17:05:59,0.5513,heatwave,0.6205,deaths,0.60,0.62,health
aftonbladet_se,Swedish,2854,https://www.aftonbladet.se/tagg/gillian-anderson,Gillian Anderson,2026-03-08 17:09:44,0.6308,heatwave,0.6479,casualties,0.60,0.62,climate+health
aftonbladet_se,Swedish,2948,https://www.aftonbladet.se/tagg/fukushima,Fukushima,2026-03-08 17:11:42,0.6096,heatwave,0.6266,deaths,0.60,0.62,climate+health
aftonbladet_se,Swedish,2980,https://www.aftonbladet.se/tagg/fridays-for-future,Fridays for future,2026-03-08 17:12:23,0.6453,climate action,0.6484,undernourishment,0.60,0.62,climate+health
aftonbladet_se,Swedish,3001,https://www.aftonbladet.se/tagg/frej-larsson,Frej Larsson,2026-03-08 17:12:50,0.6038,heatwave,0.6208,casualties,0.60,0.62,climate+health
aftonbladet_se,Swedish,3007,https://www.aftonbladet.se/tagg/fredrik-skavlan,Fredrik Skavlan,2026-03-08 17:12:57,0.6017,heatwave,0.6139,casualties,0.60,0.62,climate
aftonbladet_se,Swedish,3015,https://www.aftonbladet.se/tagg/fredrik-lundman,Fredrik Lundman,2026-03-08 17:13:07,0.6097,heatwave,0.6213,hunger,0.60,0.62,climate+health
aftonbladet_se,Swedish,3052,https://www.aftonbladet.se/tagg/franco-colapinto,Franco Colapinto,2026-03-08 17:13:53,0.6007,heatwave,0.6094,casualties,0.60,0.62,climate
aftonbladet_se,Swedish,3081,https://www.aftonbladet.se/tagg/fortal,Förtal,2026-03-08 17:14:30,0.6293,heatwave,0.6565,hunger,0.60,0.62,climate+health
aftonbladet_se,Swedish,3114,https://www.aftonbladet.se/tagg/foreca,Foreca,2026-03-08 17:15:09,0.6070,heatwave,0.5524,west nile virus,0.60,0.62,climate
aftonbladet_se,Swedish,3127,https://www.aftonbladet.se/tagg/folktandvarden,Folktandvården,2026-03-08 17:15:24,0.5830,heatwave,0.6260,casualties,0.60,0.62,health
aftonbladet_se,Swedish,3128,https://www.aftonbladet.se/tagg/folksam,Folksam,2026-03-08 17:15:24,0.5954,heatwave,0.6404,casualties,0.60,0.62,health
aftonbladet_se,Swedish,3139,https://www.aftonbladet.se/tagg/flyktingsituationen,Flyktingsituationen,2026-03-08 17:15:39,0.5909,heatwave,0.6478,casualties,0.60,0.62,health
aftonbladet_se,Swedish,3143,https://www.aftonbladet.se/tagg/flygplatser,Flygplatser,2026-03-08 17:15:44,0.6048,heatwave,0.6316,undernourishment,0.60,0.62,climate+health
aftonbladet_se,Swedish,3144,https://www.aftonbladet.se/tagg/flygplatsen-kastrup,Flygplatsen Kastrup,2026-03-08 17:15:45,0.5949,heatwave,0.6241,casualties,0.60,0.62,health
aftonbladet_se,Swedish,3161,https://www.aftonbladet.se/tagg/fladdermoss,Fladdermöss,2026-03-08 17:16:06,0.5848,heatwave,0.6308,deaths,0.60,0.62,health
aftonbladet_se,Swedish,3169,https://www.aftonbladet.se/tagg/fittja,Fittja,2026-03-08 17:16:15,0.6239,heatwave,0.6564,casualties,0.60,0.62,climate+health
aftonbladet_se,Swedish,3172,https://www.aftonbladet.se/tagg/fiske,Fiske,2026-03-08 17:16:20,0.5594,heatwave,0.6272,hunger,0.60,0.62,health
aftonbladet_se,Swedish,3186,https://www.aftonbladet.se/tagg/findus,Findus,2026-03-08 17:16:37,0.6267,heatwave,0.6744,undernourishment,0.60,0.62,climate+health
aftonbladet_se,Swedish,3205,https://www.aftonbladet.se/tagg/filip-lamprecht,Filip Lamprecht,2026-03-08 17:17:02,0.5860,heatwave,0.6221,casualties,0.60,0.62,health
aftonbladet_se,Swedish,3234,https://www.aftonbladet.se/tagg/feministiskt-initiativ,Feministiskt initiativ,2026-03-08 17:17:41,0.5805,heatwave,0.6458,undernourishment,0.60,0.62,health
aftonbladet_se,Swedish,3238,https://www.aftonbladet.se/tagg/felix-rosenqvist,Felix Rosenqvist,2026-03-08 17:17:47,0.6008,heatwave,0.6185,deaths,0.60,0.62,climate
aftonbladet_se,Swedish,3249,https://www.aftonbladet.se/tagg/feelgood,Feelgood,2026-03-08 17:18:01,0.6158,heatwave,0.6158,hunger,0.60,0.62,climate
aftonbladet_se,Swedish,3325,https://www.aftonbladet.se/tagg/fake-news,Fake news,2026-03-08 17:19:37,0.6285,heatwave,0.6326,undernourishment,0.60,0.62,climate+health
aftonbladet_se,Swedish,3342,https://www.aftonbladet.se/tagg/extremvader,Extremväder,2026-03-08 17:19:59,0.6011,climate emergencies,0.5489,extreme poverty,0.60,0.62,climate
aftonbladet_se,Swedish,3707,https://www.aftonbladet.se/tagg/joel-ankar,Joel Ankar,2026-03-08 17:27:30,0.6080,heatwave,0.6382,casualties,0.60,0.62,climate+health
aftonbladet_se,Swedish,3716,https://www.aftonbladet.se/tagg/joakim-paasikivi,Joakim Paasikivi,2026-03-08 17:27:42,0.6269,heatwave,0.6590,casualties,0.60,0.62,climate+health
aftonbladet_se,Swedish,3735,https://www.aftonbladet.se/tagg/j-k-rowling,J.K. Rowling,2026-03-08 17:28:05,0.6047,heatwave,0.6172,west nile virus,0.60,0.62,climate
aftonbladet_se,Swedish,3760,https://www.aftonbladet.se/tagg/jessica-rosencrantz,Jessica Rosencrantz,2026-03-08 17:28:36,0.5858,heatwave,0.6296,west nile virus,0.60,0.62,health
aftonbladet_se,Swedish,3813,https://www.aftonbladet.se/tagg/jenny-berggren,Jenny Berggren,2026-03-08 17:29:42,0.5914,heatwave,0.6202,casualties,0.60,0.62,health
aftonbladet_se,Swedish,3831,https://www.aftonbladet.se/tagg/jennie-lee-burmansson,Jennie-Lee Burmansson,2026-03-08 17:30:05,0.5987,heatwave,0.6262,casualties,0.60,0.62,health
aftonbladet_se,Swedish,3864,https://www.aftonbladet.se/tagg/jas-gripen,JAS Gripen,2026-03-08 17:30:47,0.6137,heatwave,0.6474,west nile virus,0.60,0.62,climate+health
aftonbladet_se,Swedish,3879,https://www.aftonbladet.se/tagg/januariavtalet-ja,Januariavtalet (JA),2026-03-08 17:31:05,0.5948,heatwave,0.6267,hunger,0.60,0.62,health
aftonbladet_se,Swedish,3880,https://www.aftonbladet.se/tagg/jan-teorell,Jan Teorell,2026-03-08 17:31:06,0.6087,heatwave,0.6177,west nile virus,0.60,0.62,climate
aftonbladet_se,Swedish,3883,https://www.aftonbladet.se/tagg/jan-ove-waldner,Jan-Ove Waldner,2026-03-08 17:31:10,0.6016,heatwave,0.5989,hunger,0.60,0.62,climate
aftonbladet_se,Swedish,3937,https://www.aftonbladet.se/tagg/jamal-el-haj,Jamal El-Haj,2026-03-08 17:32:18,0.6081,heatwave,0.6388,west nile virus,0.60,0.62,climate+health
aftonbladet_se,Swedish,3964,https://www.aftonbladet.se/tagg/jacob-zuma,Jacob Zuma,2026-03-08 17:32:50,0.6229,heatwave,0.6497,west nile virus,0.60,0.62,climate+health
aftonbladet_se,Swedish,3999,https://www.aftonbladet.se/tagg/itamar-ben-gvir,Itamar Ben-Gvir,2026-03-08 17:33:33,0.6042,heatwave,0.6304,casualties,0.60,0.62,climate+health
aftonbladet_se,Swedish,4004,https://www.aftonbladet.se/tagg/istanbul,Istanbul,2026-03-08 17:33:41,0.5603,climate crisis,0.6506,deaths,0.60,0.62,health
aftonbladet_se,Swedish,4018,https://www.aftonbladet.se/tagg/ishowspeed-darren-watkins-jr,IShowSpeed (Darren Watkins Jr),2026-03-08 17:33:58,0.6036,heatwave,0.5969,west nile virus,0.60,0.62,climate
aftonbladet_se,Swedish,4060,https://www.aftonbladet.se/tagg/internationell-handel,Internationell handel,2026-03-08 17:34:58,0.6415,heatwave,0.6636,west nile virus,0.60,0.62,climate+health
aftonbladet_se,Swedish,4099,https://www.aftonbladet.se/tagg/indra-elg,Indra Elg,2026-03-08 17:35:44,0.6141,heatwave,0.6167,hunger,0.60,0.62,climate
aftonbladet_se,Swedish,4183,https://www.aftonbladet.se/tagg/ida-warg,Ida Warg,2026-03-08 17:37:29,0.6029,heatwave,0.6339,hunger,0.60,0.62,climate+health
aftonbladet_se,Swedish,4223,https://www.aftonbladet.se/tagg/husmorstips,Husmorstips,2026-03-08 17:38:23,0.6245,heatwave,0.6715,hunger,0.60,0.62,climate+health
aftonbladet_se,Swedish,4229,https://www.aftonbladet.se/tagg/hurtigruten,Hurtigruten,2026-03-08 17:38:33,0.6018,heatwave,0.6086,west nile virus,0.60,0.62,climate
aftonbladet_se,Swedish,4230,https://www.aftonbladet.se/tagg/hurghada,Hurghada,2026-03-08 17:38:34,0.6254,heatwave,0.6434,casualties,0.60,0.62,climate+health
aftonbladet_se,Swedish,4265,https://www.aftonbladet.se/tagg/houston,Houston,2026-03-08 17:39:18,0.6208,heatwave,0.6333,casualties,0.60,0.62,climate+health
aftonbladet_se,Swedish,4280,https://www.aftonbladet.se/tagg/hooja,Hooja,2026-03-08 17:39:39,0.6069,heatwave,0.6225,hunger,0.60,0.62,climate+health
aftonbladet_se,Swedish,4281,https://www.aftonbladet.se/tagg/honungsbin,Honungsbin,2026-03-08 17:39:40,0.5905,heatwave,0.6677,hunger,0.60,0.62,health
aftonbladet_se,Swedish,4300,https://www.aftonbladet.se/tagg/hogskola-och-universitet,Högskola och universitet,2026-03-08 17:40:04,0.6207,heatwave,0.6463,casualties,0.60,0.62,climate+health
aftonbladet_se,Swedish,4311,https://www.aftonbladet.se/tagg/hockeystudion,Hockeystudion,2026-03-08 17:40:19,0.6062,heatwave,0.5967,casualties,0.60,0.62,climate
aftonbladet_se,Swedish,4344,https://www.aftonbladet.se/tagg/himalaya,Himalaya,2026-03-08 17:41:01,0.6571,heatwave,0.6433,west nile virus,0.60,0.62,climate+health
aftonbladet_se,Swedish,4348,https://www.aftonbladet.se/tagg/highlights,Highlights,2026-03-08 17:41:06,0.6413,extreme event,0.6514,casualties,0.60,0.62,climate+health
aftonbladet_se,Swedish,4442,https://www.aftonbladet.se/tagg/heathrow,Heathrow,2026-03-08 17:43:02,0.6027,heatwave,0.6315,west nile virus,0.60,0.62,climate+health
aftonbladet_se,Swedish,4443,https://www.aftonbladet.se/tagg/heated-rivalry-tv-serie,Heated rivalry (tv-serie),2026-03-08 17:43:03,0.6008,heatwave,0.5912,hunger,0.60,0.62,climate
aftonbladet_se,Swedish,4450,https://www.aftonbladet.se/tagg/hayat-tahrir-al-sham-hts,Hayat Tahrir al-Sham (HTS),2026-03-08 17:43:13,0.6124,heatwave,0.6434,hunger,0.60,0.62,climate+health
aftonbladet_se,Swedish,4451,https://www.aftonbladet.se/tagg/hawaii,Hawaii,2026-03-08 17:43:15,0.6271,heatwave,0.6048,hunger,0.60,0.62,climate
aftonbladet_se,Swedish,4458,https://www.aftonbladet.se/tagg/hasthoppning,Hästhoppning,2026-03-08 17:43:23,0.6059,heatwave,0.6070,hunger,0.60,0.62,climate
aftonbladet_se,Swedish,4464,https://www.aftonbladet.se/tagg/hasse-aro,Hasse Aro,2026-03-08 17:43:31,0.6294,heatwave,0.6224,deaths,0.60,0.62,climate+health
aftonbladet_se,Swedish,4485,https://www.aftonbladet.se/tagg/haparanda,Haparanda,2026-03-08 17:43:58,0.6089,heatwave,0.6303,west nile virus,0.60,0.62,climate+health
aftonbladet_se,Swedish,4500,https://www.aftonbladet.se/tagg/hans-brun,Hans Brun,2026-03-08 17:44:16,0.5868,extreme event,0.6252,deaths,0.60,0.62,health
aftonbladet_se,Swedish,4515,https://www.aftonbladet.se/tagg/hannah-widell,Hannah Widell,2026-03-08 17:44:34,0.5906,heatwave,0.6210,casualties,0.60,0.62,health
aftonbladet_se,Swedish,4533,https://www.aftonbladet.se/tagg/handen,Handen,2026-03-08 17:44:57,0.5591,heatwave,0.6331,deaths,0.60,0.62,health
aftonbladet_se,Swedish,4670,https://www.aftonbladet.se/tagg/lily-james,Lily James,2026-03-08 17:47:45,0.6101,heatwave,0.6314,west nile virus,0.60,0.62,climate+health
aftonbladet_se,Swedish,4697,https://www.aftonbladet.se/tagg/libanon,Libanon,2026-03-08 17:48:18,0.5979,heatwave,0.6358,west nile virus,0.60,0.62,health
aftonbladet_se,Swedish,4707,https://www.aftonbladet.se/tagg/lia-larsson,Lia Larsson,2026-03-08 17:48:29,0.6141,heatwave,0.6364,casualties,0.60,0.62,climate+health
aftonbladet_se,Swedish,4791,https://www.aftonbladet.se/tagg/lasse-stefanz,Lasse Stefanz,2026-03-08 17:50:14,0.6179,heatwave,0.6440,hunger,0.60,0.62,climate+health
aftonbladet_se,Swedish,4804,https://www.aftonbladet.se/tagg/lasermannen-john-ausonius,”Lasermannen” John Ausonius,2026-03-08 17:50:31,0.6034,heatwave,0.6320,casualties,0.60,0.62,climate+health
aftonbladet_se,Swedish,4862,https://www.aftonbladet.se/tagg/lamar-odom,Lamar Odom,2026-03-08 17:51:43,0.6038,heatwave,0.6398,west nile virus,0.60,0.62,climate+health
aftonbladet_se,Swedish,4916,https://www.aftonbladet.se/tagg/kungsangen,Kungsängen,2026-03-08 17:52:47,0.5871,heatwave,0.6381,deaths,0.60,0.62,health
aftonbladet_se,Swedish,4957,https://www.aftonbladet.se/tagg/kristoffer-bergstrom,Kristoffer Bergström,2026-03-08 17:53:41,0.6199,heatwave,0.6333,hunger,0.60,0.62,climate+health
aftonbladet_se,Swedish,4959,https://www.aftonbladet.se/tagg/kristofer-hivju,Kristofer Hivju,2026-03-08 17:53:43,0.6156,heatwave,0.6441,hunger,0.60,0.62,climate+health
aftonbladet_se,Swedish,4968,https://www.aftonbladet.se/tagg/kristina-lugn,Kristina Lugn,2026-03-08 17:53:54,0.6244,heatwave,0.6202,casualties,0.60,0.62,climate+health
aftonbladet_se,Swedish,4992,https://www.aftonbladet.se/tagg/krimhalvon,Krimhalvön,2026-03-08 17:54:22,0.5978,heatwave,0.6254,west nile virus,0.60,0.62,health
aftonbladet_se,Swedish,5072,https://www.aftonbladet.se/tagg/kodjo-akolor,Kodjo Akolor,2026-03-08 17:56:03,0.6078,heatwave,0.6172,casualties,0.60,0.62,climate
aftonbladet_se,Swedish,5087,https://www.aftonbladet.se/tagg/klimat-resa,Klimat | Resa,2026-03-08 17:56:23,0.6581,variable climates,0.6227,west nile virus,0.60,0.62,climate+health
aftonbladet_se,Swedish,5088,https://www.aftonbladet.se/tagg/klimatpolitik,Klimatpolitik,2026-03-08 17:56:23,0.6092,climate crisis,0.5598,casualties,0.60,0.62,climate
aftonbladet_se,Swedish,5090,https://www.aftonbladet.se/tagg/klimat-miljo,Aftonbladet klimat,2026-03-08 17:56:26,0.6227,changing climate,0.5167,extreme poverty,0.60,0.62,climate
aftonbladet_se,Swedish,5093,https://www.aftonbladet.se/tagg/klimatflyktingar,Klimatflyktingar,2026-03-08 17:56:28,0.6188,variable climates,0.5906,casualties,0.60,0.62,climate
aftonbladet_se,Swedish,5113,https://www.aftonbladet.se/tagg/klara-almstrom,Klara Almström,2026-03-08 17:56:53,0.6161,heatwave,0.6282,hunger,0.60,0.62,climate+health
aftonbladet_se,Swedish,5136,https://www.aftonbladet.se/tagg/kinshasa,Kinshasa,2026-03-08 17:57:23,0.6414,heatwave,0.6952,west nile virus,0.60,0.62,climate+health
aftonbladet_se,Swedish,5168,https://www.aftonbladet.se/tagg/khashayar-farmanbar,Khashayar Farmanbar,2026-03-08 17:58:09,0.6201,heatwave,0.6412,west nile virus,0.60,0.62,climate+health
aftonbladet_se,Swedish,5172,https://www.aftonbladet.se/tagg/khabib-nurmagomedov,Khabib Nurmagomedov,2026-03-08 17:58:12,0.5823,heatwave,0.6291,hunger,0.60,0.62,health
aftonbladet_se,Swedish,5228,https://www.aftonbladet.se/tagg/katowice,Katowice,2026-03-08 17:59:23,0.6365,heatwave,0.6079,deaths,0.60,0.62,climate
aftonbladet_se,Swedish,5243,https://www.aftonbladet.se/tagg/kasym-zjomart-tokajev,Kasym-Zjomart Tokajev,2026-03-08 17:59:42,0.5930,heatwave,0.6212,casualties,0.60,0.62,health
aftonbladet_se,Swedish,5299,https://www.aftonbladet.se/tagg/kapstaden,Kapstaden,2026-03-08 18:00:53,0.6383,heatwave,0.6744,west nile virus,0.60,0.62,climate+health
aftonbladet_se,Swedish,5300,https://www.aftonbladet.se/tagg/kapitolium,Kapitolium,2026-03-08 18:00:54,0.6469,heatwave,0.6609,west nile virus,0.60,0.62,climate+health
aftonbladet_se,Swedish,5324,https://www.aftonbladet.se/tagg/kalush-orchestra,Kalush Orchestra,2026-03-08 18:01:24,0.6179,heatwave,0.6227,casualties,0.60,0.62,climate+health
aftonbladet_se,Swedish,5349,https://www.aftonbladet.se/tagg/kaliffa-karlsson,Kaliffa Karlsson,2026-03-08 18:01:56,0.6164,heatwave,0.6218,casualties,0.60,0.62,climate+health
aftonbladet_se,Swedish,5361,https://www.aftonbladet.se/tagg/kaeli-abdi,Kaeli Abdi,2026-03-08 18:02:11,0.6129,heatwave,0.6358,hunger,0.60,0.62,climate+health
aftonbladet_se,Swedish,5365,https://www.aftonbladet.se/tagg/jytte-guteland,Jytte Guteland,2026-03-08 18:02:16,0.5873,climate crisis,0.6415,undernourishment,0.60,0.62,health
aftonbladet_se,Swedish,5386,https://www.aftonbladet.se/tagg/jultomten,Jultomten,2026-03-08 18:02:43,0.6096,heatwave,0.6382,deaths,0.60,0.62,climate+health
aftonbladet_se,Swedish,5396,https://www.aftonbladet.se/tagg/julia-zigiotti-olme,Julia Zigiotti Olme,2026-03-08 18:02:56,0.6011,heatwave,0.6133,casualties,0.60,0.62,climate
aftonbladet_se,Swedish,5400,https://www.aftonbladet.se/tagg/julia-navalnyj,Julia Navalnaja,2026-03-08 18:03:00,0.6053,heatwave,0.6185,casualties,0.60,0.62,climate
aftonbladet_se,Swedish,5420,https://www.aftonbladet.se/tagg/judi-dench,Judi Dench,2026-03-08 18:03:26,0.5979,heatwave,0.6439,hunger,0.60,0.62,health
aftonbladet_se,Swedish,5527,https://www.aftonbladet.se/tagg/jo-justitieombudsmannen,"JO, Justitieombudsmannen",2026-03-08 18:05:37,0.5598,extreme event,0.6203,casualties,0.60,0.62,health
aftonbladet_se,Swedish,5537,https://www.aftonbladet.se/tagg/johnny-gaudreau,Johnny Gaudreau,2026-03-08 18:05:48,0.6350,heatwave,0.6444,casualties,0.60,0.62,climate+health
aftonbladet_se,Swedish,5552,https://www.aftonbladet.se/tagg/john-f-kennedy,John F Kennedy,2026-03-08 18:06:06,0.6118,heatwave,0.6465,hunger,0.60,0.62,climate+health
aftonbladet_se,Swedish,5554,https://www.aftonbladet.se/tagg/john-cleese,John Cleese,2026-03-08 18:06:08,0.5885,heatwave,0.6297,casualties,0.60,0.62,health
aftonbladet_se,Swedish,5557,https://www.aftonbladet.se/tagg/john-bercow,John Bercow,2026-03-08 18:06:12,0.6258,heatwave,0.6420,west nile virus,0.60,0.62,climate+health
aftonbladet_se,Swedish,5607,https://www.aftonbladet.se/tagg/munchen,München,2026-03-08 18:07:15,0.6124,heatwave,0.6163,hunger,0.60,0.62,climate
aftonbladet_se,Swedish,5717,https://www.aftonbladet.se/tagg/mjuka-kakor,Mjuka kakor,2026-03-08 18:09:40,0.5967,heatwave,0.6206,casualties,0.60,0.62,health
aftonbladet_se,Swedish,5721,https://www.aftonbladet.se/tagg/mix-megapol,Mix Megapol,2026-03-08 18:09:46,0.6159,heatwave,0.6316,undernourishment,0.60,0.62,climate+health
aftonbladet_se,Swedish,5727,https://www.aftonbladet.se/tagg/missouri,Missouri,2026-03-08 18:09:53,0.5699,heatwave,0.6249,casualties,0.60,0.62,health
aftonbladet_se,Swedish,5746,https://www.aftonbladet.se/tagg/minnesota,Minnesota,2026-03-08 18:10:16,0.6161,heatwave,0.6264,casualties,0.60,0.62,climate+health
aftonbladet_se,Swedish,5761,https://www.aftonbladet.se/tagg/miljotips,Miljötips,2026-03-08 18:10:35,0.6063,heatwave,0.6299,undernourishment,0.60,0.62,climate+health
aftonbladet_se,Swedish,5784,https://www.aftonbladet.se/tagg/mike-white,Mike White,2026-03-08 18:11:04,0.6491,heatwave,0.6485,west nile virus,0.60,0.62,climate+health
aftonbladet_se,Swedish,5785,https://www.aftonbladet.se/tagg/mike-waltz,Mike Waltz,2026-03-08 18:11:05,0.6002,heatwave,0.6071,casualties,0.60,0.62,climate
aftonbladet_se,Swedish,5829,https://www.aftonbladet.se/tagg/middag-med-dante-zia,Middag med Dante Zia,2026-03-08 18:12:01,0.5872,heatwave,0.6202,hunger,0.60,0.62,health
aftonbladet_se,Swedish,5892,https://www.aftonbladet.se/tagg/meteorologisk-varmebolja,Meteorologisk värmebölja,2026-03-08 18:13:16,0.6179,heatwave,0.5587,undernourishment,0.60,0.62,climate
aftonbladet_se,Swedish,5899,https://www.aftonbladet.se/tagg/messenger,Messenger,2026-03-08 18:13:23,0.6349,heatwave,0.6580,undernourishment,0.60,0.62,climate+health
aftonbladet_se,Swedish,5955,https://www.aftonbladet.se/tagg/mc-mopeder,Mc & mopeder,2026-03-08 18:14:31,0.6149,heatwave,0.6385,casualties,0.60,0.62,climate+health
aftonbladet_se,Swedish,5958,https://www.aftonbladet.se/tagg/mcdonalds,McDonalds,2026-03-08 18:14:35,0.5896,heatwave,0.6368,undernourishment,0.60,0.62,health
aftonbladet_se,Swedish,5998,https://www.aftonbladet.se/tagg/matthew-perry,Matthew Perry,2026-03-08 18:15:24,0.5945,heatwave,0.6262,deaths,0.60,0.62,health
aftonbladet_se,Swedish,6002,https://www.aftonbladet.se/tagg/matteo-salvini,Matteo Salvini,2026-03-08 18:15:29,0.5998,heatwave,0.6264,west nile virus,0.60,0.62,health
aftonbladet_se,Swedish,6026,https://www.aftonbladet.se/tagg/matias-varela,Matias Varela,2026-03-08 18:15:58,0.6020,heatwave,0.6250,west nile virus,0.60,0.62,climate+health
aftonbladet_se,Swedish,6054,https://www.aftonbladet.se/tagg/maryland,Maryland,2026-03-08 18:16:34,0.5966,heatwave,0.6203,casualties,0.60,0.62,health
aftonbladet_se,Swedish,6070,https://www.aftonbladet.se/tagg/martin-marmgren,Martin Marmgren,2026-03-08 18:16:54,0.6089,heatwave,0.6201,deaths,0.60,0.62,climate+health
aftonbladet_se,Swedish,6076,https://www.aftonbladet.se/tagg/martin-kinnunen,Martin Kinnunen,2026-03-08 18:17:02,0.5879,heatwave,0.6256,deaths,0.60,0.62,health
aftonbladet_se,Swedish,6125,https://www.aftonbladet.se/tagg/marknadsekonomi,Marknadsekonomi,2026-03-08 18:18:03,0.5865,extreme event,0.6314,undernourishment,0.60,0.62,health
aftonbladet_se,Swedish,6164,https://www.aftonbladet.se/tagg/maria-wetterstrand,Maria Wetterstrand,2026-03-08 18:18:49,0.6027,climate action,0.5947,casualties,0.60,0.62,climate
aftonbladet_se,Swedish,6168,https://www.aftonbladet.se/tagg/maria-ressa,Maria Ressa,2026-03-08 18:18:54,0.5811,heatwave,0.6216,deaths,0.60,0.62,health
aftonbladet_se,Swedish,6258,https://www.aftonbladet.se/tagg/malung,Malung,2026-03-08 18:20:39,0.6375,heatwave,0.6651,casualties,0.60,0.62,climate+health
aftonbladet_se,Swedish,6261,https://www.aftonbladet.se/tagg/malta,Malta,2026-03-08 18:20:42,0.6098,heatwave,0.6219,west nile virus,0.60,0.62,climate+health
aftonbladet_se,Swedish,6262,https://www.aftonbladet.se/tagg/malou-von-sivers,Malou von Sivers,2026-03-08 18:20:43,0.5841,heatwave,0.6217,hunger,0.60,0.62,health
aftonbladet_se,Swedish,6299,https://www.aftonbladet.se/tagg/maldiverna,Maldiverna,2026-03-08 18:21:29,0.6028,heatwave,0.6232,west nile virus,0.60,0.62,climate+health
aftonbladet_se,Swedish,6308,https://www.aftonbladet.se/tagg/makroekonomi,Makroekonomi,2026-03-08 18:21:41,0.6102,heatwave,0.6423,undernourishment,0.60,0.62,climate+health
aftonbladet_se,Swedish,6323,https://www.aftonbladet.se/tagg/magsjukdomar,Magsjukdomar,2026-03-08 18:21:59,0.5892,heatwave,0.6335,casualties,0.60,0.62,health
aftonbladet_se,Swedish,6345,https://www.aftonbladet.se/tagg/magnus-gisslen,Magnus Gisslén,2026-03-08 18:22:25,0.5983,heatwave,0.6302,morbidity,0.60,0.62,health
aftonbladet_se,Swedish,6378,https://www.aftonbladet.se/tagg/macaulay-culkin,Macaulay Culkin,2026-03-08 18:23:07,0.5752,heatwave,0.6298,hunger,0.60,0.62,health
aftonbladet_se,Swedish,6385,https://www.aftonbladet.se/tagg/lvu-lagen-om-vard-av-unga,"LVU, lagen om vård av unga",2026-03-08 18:23:16,0.5829,heatwave,0.6228,casualties,0.60,0.62,health
aftonbladet_se,Swedish,6407,https://www.aftonbladet.se/tagg/luis-suarez,Luis Suarez,2026-03-08 18:23:45,0.6130,heatwave,0.6230,casualties,0.60,0.62,climate+health
aftonbladet_se,Swedish,6428,https://www.aftonbladet.se/tagg/lucia,Lucia,2026-03-08 18:24:11,0.5739,heatwave,0.6209,casualties,0.60,0.62,health
aftonbladet_se,Swedish,6434,https://www.aftonbladet.se/tagg/lovisa-worge,Lovisa Worge,2026-03-08 18:24:19,0.6209,heatwave,0.6251,west nile virus,0.60,0.62,climate+health
aftonbladet_se,Swedish,6453,https://www.aftonbladet.se/tagg/lotto,Lotto,2026-03-08 18:24:44,0.5908,heatwave,0.6220,casualties,0.60,0.62,health
aftonbladet_se,Swedish,6496,https://www.aftonbladet.se/tagg/ljusdal,Ljusdal,2026-03-08 18:25:37,0.5923,heatwave,0.6280,casualties,0.60,0.62,health
aftonbladet_se,Swedish,6499,https://www.aftonbladet.se/tagg/ljungsbro,Ljungsbro,2026-03-08 18:25:41,0.5597,heatwave,0.6229,deaths,0.60,0.62,health
aftonbladet_se,Swedish,6553,https://www.aftonbladet.se/tagg/linus-ullmark,Linus Ullmark,2026-03-08 18:26:49,0.6323,heatwave,0.6277,casualties,0.60,0.62,climate+health
aftonbladet_se,Swedish,6598,https://www.aftonbladet.se/tagg/pryltester,Pryltester,2026-03-08 18:27:50,0.6372,heatwave,0.6357,measles,0.60,0.62,climate+health
aftonbladet_se,Swedish,6632,https://www.aftonbladet.se/tagg/prince,Prince,2026-03-08 18:28:31,0.6030,heatwave,0.5892,deaths,0.60,0.62,climate
aftonbladet_se,Swedish,6633,https://www.aftonbladet.se/tagg/pride,Pride,2026-03-08 18:28:32,0.6131,heatwave,0.6440,casualties,0.60,0.62,climate+health
aftonbladet_se,Swedish,6647,https://www.aftonbladet.se/tagg/powerplay,Powerplay,2026-03-08 18:28:50,0.6015,extreme event,0.5979,casualties,0.60,0.62,climate
aftonbladet_se,Swedish,6678,https://www.aftonbladet.se/tagg/politik-tagg,Politik,2026-03-08 18:29:29,0.6180,heatwave,0.6760,hunger,0.60,0.62,climate+health
aftonbladet_se,Swedish,6679,https://www.aftonbladet.se/tagg/polisregion-vast,Polisregion Väst,2026-03-08 18:29:30,0.6009,heatwave,0.6189,deaths,0.60,0.62,climate
aftonbladet_se,Swedish,6735,https://www.aftonbladet.se/tagg/phuket,Phuket,2026-03-08 18:30:41,0.6041,heatwave,0.6101,casualties,0.60,0.62,climate
aftonbladet_se,Swedish,6806,https://www.aftonbladet.se/tagg/pete-hegseth,Pete Hegseth,2026-03-08 18:32:11,0.6146,heatwave,0.6244,hunger,0.60,0.62,climate+health
aftonbladet_se,Swedish,6816,https://www.aftonbladet.se/tagg/personlig-assistans,Personlig assistans,2026-03-08 18:32:25,0.5659,heatwave,0.6303,undernourishment,0.60,0.62,health
aftonbladet_se,Swedish,6834,https://www.aftonbladet.se/tagg/permafrost,Permafrost,2026-03-08 18:32:48,0.6096,variable climates,0.5920,casualties,0.60,0.62,climate
aftonbladet_se,Swedish,6850,https://www.aftonbladet.se/tagg/per-bjurman,Per Bjurman,2026-03-08 18:33:08,0.6367,extreme event,0.6366,casualties,0.60,0.62,climate+health
aftonbladet_se,Swedish,6932,https://www.aftonbladet.se/tagg/patrick-schwarzenegger,Patrick Schwarzenegger,2026-03-08 18:34:49,0.6309,heatwave,0.6398,west nile virus,0.60,0.62,climate+health
aftonbladet_se,Swedish,6978,https://www.aftonbladet.se/tagg/paolo-macchiarini,Paolo Macchiarini,2026-03-08 18:35:46,0.5888,heatwave,0.6286,casualties,0.60,0.62,health
aftonbladet_se,Swedish,7008,https://www.aftonbladet.se/tagg/oxycontin,Oxycontin,2026-03-08 18:36:24,0.5596,heatwave,0.6333,deaths,0.60,0.62,health
aftonbladet_se,Swedish,7089,https://www.aftonbladet.se/tagg/ormar,Ormar,2026-03-08 18:38:10,0.6164,heatwave,0.6371,casualties,0.60,0.62,climate+health
aftonbladet_se,Swedish,7093,https://www.aftonbladet.se/tagg/orkan,Orkan,2026-03-08 18:38:14,0.6194,heatwave,0.6267,deaths,0.60,0.62,climate+health
aftonbladet_se,Swedish,7104,https://www.aftonbladet.se/tagg/oregon,Oregon,2026-03-08 18:38:28,0.6092,heatwave,0.6334,deaths,0.60,0.62,climate+health
aftonbladet_se,Swedish,7117,https://www.aftonbladet.se/tagg/operation-rimfrost,Operation Rimfrost,2026-03-08 18:38:46,0.6312,heatwave,0.6518,hunger,0.60,0.62,climate+health
aftonbladet_se,Swedish,7126,https://www.aftonbladet.se/tagg/only-murders-in-the-building,Only murders in the building,2026-03-08 18:38:56,0.5511,heatwave,0.6256,casualties,0.60,0.62,health
aftonbladet_se,Swedish,7154,https://www.aftonbladet.se/tagg/olle-jonsson,Olle Jönsson,2026-03-08 18:39:34,0.6023,heatwave,0.6218,hunger,0.60,0.62,climate+health
aftonbladet_se,Swedish,7162,https://www.aftonbladet.se/tagg/olivia-j-berntsson,Olivia J Berntsson,2026-03-08 18:39:46,0.6267,heatwave,0.6558,deaths,0.60,0.62,climate+health
aftonbladet_se,Swedish,7195,https://www.aftonbladet.se/tagg/odessa,Odessa,2026-03-08 18:40:30,0.5562,heatwave,0.6229,deaths,0.60,0.62,health
aftonbladet_se,Swedish,7208,https://www.aftonbladet.se/tagg/nyval-extra-val,Extraval,2026-03-08 18:40:46,0.6027,extreme event,0.6035,west nile virus,0.60,0.62,climate
aftonbladet_se,Swedish,7222,https://www.aftonbladet.se/tagg/nyfors,Nyfors,2026-03-08 18:41:04,0.6037,heatwave,0.6394,casualties,0.60,0.62,climate+health
aftonbladet_se,Swedish,7299,https://www.aftonbladet.se/tagg/nomi-tales,Nomi Tales,2026-03-08 18:42:43,0.6309,heatwave,0.6497,hunger,0.60,0.62,climate+health
aftonbladet_se,Swedish,7300,https://www.aftonbladet.se/tagg/noll2,Noll2,2026-03-08 18:42:45,0.6341,heatwave,0.6469,hunger,0.60,0.62,climate+health
aftonbladet_se,Swedish,7315,https://www.aftonbladet.se/tagg/noa-nationella-operativa-avdelningen,"Noa, Nationella operativa avdelningen",2026-03-08 18:43:01,0.6177,heatwave,0.6395,west nile virus,0.60,0.62,climate+health
aftonbladet_se,Swedish,7367,https://www.aftonbladet.se/tagg/niger,Niger,2026-03-08 18:44:05,0.5866,heatwave,0.6439,west nile virus,0.60,0.62,health
aftonbladet_se,Swedish,7374,https://www.aftonbladet.se/tagg/nicole-falciani,Nicole Falciani,2026-03-08 18:44:13,0.6042,heatwave,0.6372,west nile virus,0.60,0.62,climate+health
aftonbladet_se,Swedish,7394,https://www.aftonbladet.se/tagg/nicki-minaj,Nicki Minaj,2026-03-08 18:44:38,0.5906,heatwave,0.6436,west nile virus,0.60,0.62,health
aftonbladet_se,Swedish,7396,https://www.aftonbladet.se/tagg/nick-cave,Nick Cave,2026-03-08 18:44:41,0.6007,heatwave,0.6155,hunger,0.60,0.62,climate
aftonbladet_se,Swedish,7422,https://www.aftonbladet.se/tagg/nervgifter,Nervgifter,2026-03-08 18:45:18,0.5933,carbon dioxide,0.6350,deaths,0.60,0.62,health
aftonbladet_se,Swedish,7448,https://www.aftonbladet.se/tagg/natur-kultur,Natur & Kultur,2026-03-08 18:45:52,0.6358,heatwave,0.6316,casualties,0.60,0.62,climate+health
aftonbladet_se,Swedish,7451,https://www.aftonbladet.se/tagg/nature,Nature,2026-03-08 18:45:55,0.6307,heatwave,0.6391,hunger,0.60,0.62,climate+health
aftonbladet_se,Swedish,7461,https://www.aftonbladet.se/tagg/nationalekonomi,Nationalekonomi,2026-03-08 18:46:08,0.6054,heatwave,0.6400,undernourishment,0.60,0.62,climate+health
aftonbladet_se,Swedish,7462,https://www.aftonbladet.se/tagg/nathat,Näthat,2026-03-08 18:46:09,0.5667,heatwave,0.6250,undernourishment,0.60,0.62,health
aftonbladet_se,Swedish,7467,https://www.aftonbladet.se/tagg/natalia-kazmierska,Natalia Kazmierska,2026-03-08 18:46:15,0.5943,heatwave,0.6300,casualties,0.60,0.62,health
aftonbladet_se,Swedish,7481,https://www.aftonbladet.se/tagg/narendra-modi,Narendra Modi,2026-03-08 18:46:35,0.5856,heatwave,0.6351,deaths,0.60,0.62,health
aftonbladet_se,Swedish,7495,https://www.aftonbladet.se/tagg/najah-al-shammari,Najah al-Shammari,2026-03-08 18:46:53,0.5823,heatwave,0.6263,west nile virus,0.60,0.62,health
aftonbladet_se,Swedish,7610,https://www.aftonbladet.se/tagg/sjukvard,Sjukvård,2026-03-08 18:49:15,0.5653,climate crisis,0.6465,illnesses,0.60,0.62,health
aftonbladet_se,Swedish,7616,https://www.aftonbladet.se/tagg/sjofart,Sjöfart,2026-03-08 18:49:23,0.6041,heatwave,0.6223,casualties,0.60,0.62,climate+health
aftonbladet_se,Swedish,7680,https://www.aftonbladet.se/tagg/sickla,Sickla,2026-03-08 18:50:46,0.6192,heatwave,0.6615,deaths,0.60,0.62,climate+health
aftonbladet_se,Swedish,7690,https://www.aftonbladet.se/tagg/shinzo-abe,Shinzo Abe,2026-03-08 18:51:00,0.5785,heatwave,0.6385,deaths,0.60,0.62,health
aftonbladet_se,Swedish,7727,https://www.aftonbladet.se/tagg/seriemordare,Seriemördare,2026-03-08 18:51:45,0.5584,heatwave,0.6647,deaths,0.60,0.62,health
aftonbladet_se,Swedish,7736,https://www.aftonbladet.se/tagg/sergels-torg,Sergels torg,2026-03-08 18:51:54,0.6098,heatwave,0.6182,deaths,0.60,0.62,climate
aftonbladet_se,Swedish,7741,https://www.aftonbladet.se/tagg/sergej-lavrov,Sergej Lavrov,2026-03-08 18:52:00,0.6193,heatwave,0.6245,casualties,0.60,0.62,climate+health
aftonbladet_se,Swedish,7745,https://www.aftonbladet.se/tagg/sepsis,Sepsis,2026-03-08 18:52:06,0.6050,heatwave,0.6538,deaths,0.60,0.62,climate+health
aftonbladet_se,Swedish,7747,https://www.aftonbladet.se/tagg/seoul,Seoul,2026-03-08 18:52:09,0.5650,climate emergencies,0.6253,deaths,0.60,0.62,health
aftonbladet_se,Swedish,7765,https://www.aftonbladet.se/tagg/securitas,Securitas,2026-03-08 18:52:33,0.6042,heatwave,0.6415,casualties,0.60,0.62,climate+health
aftonbladet_se,Swedish,7812,https://www.aftonbladet.se/tagg/sci-fi,Sci-fi,2026-03-08 18:53:30,0.6179,heatwave,0.6074,west nile virus,0.60,0.62,climate
aftonbladet_se,Swedish,7817,https://www.aftonbladet.se/tagg/schweiz,Schweiz,2026-03-08 18:53:36,0.6292,heatwave,0.6218,hunger,0.60,0.62,climate+health
aftonbladet_se,Swedish,7820,https://www.aftonbladet.se/tagg/schengen,Schengen,2026-03-08 18:53:40,0.5856,heatwave,0.6314,undernourishment,0.60,0.62,health
aftonbladet_se,Swedish,7829,https://www.aftonbladet.se/tagg/scandinavium,Scandinavium,2026-03-08 18:53:53,0.6166,heatwave,0.6236,casualties,0.60,0.62,climate+health
aftonbladet_se,Swedish,7841,https://www.aftonbladet.se/tagg/saudiarabien,Saudiarabien,2026-03-08 18:54:09,0.5941,heatwave,0.6240,west nile virus,0.60,0.62,health
aftonbladet_se,Swedish,7843,https://www.aftonbladet.se/tagg/satudarah-mc,Satudarah MC,2026-03-08 18:54:12,0.6014,heatwave,0.6273,casualties,0.60,0.62,climate+health
aftonbladet_se,Swedish,7869,https://www.aftonbladet.se/tagg/sao-paulo,São Paulo,2026-03-08 18:54:47,0.6052,heatwave,0.6209,deaths,0.60,0.62,climate+health
aftonbladet_se,Swedish,7884,https://www.aftonbladet.se/tagg/san-francisco,San Francisco,2026-03-08 18:55:04,0.6035,extreme event,0.6428,deaths,0.60,0.62,climate+health
aftonbladet_se,Swedish,7934,https://www.aftonbladet.se/tagg/salma-hayek,Salma Hayek,2026-03-08 18:56:06,0.6042,heatwave,0.6097,casualties,0.60,0.62,climate
aftonbladet_se,Swedish,7945,https://www.aftonbladet.se/tagg/sahara,Sahara,2026-03-08 18:56:20,0.6088,heatwave,0.5979,hunger,0.60,0.62,climate
aftonbladet_se,Swedish,7965,https://www.aftonbladet.se/tagg/rysslands-invasion-av-ukraina,Rysslands invasion av Ukraina,2026-03-08 18:56:45,0.5838,heatwave,0.6267,west nile virus,0.60,0.62,health
aftonbladet_se,Swedish,7986,https://www.aftonbladet.se/tagg/rwanda,Rwanda,2026-03-08 18:57:12,0.6106,heatwave,0.6719,west nile virus,0.60,0.62,climate+health
aftonbladet_se,Swedish,8000,https://www.aftonbladet.se/tagg/rs-virus,RS-virus,2026-03-08 18:57:28,0.5878,heatwave,0.6429,west nile virus,0.60,0.62,health
aftonbladet_se,Swedish,8003,https://www.aftonbladet.se/tagg/roy-hodgson,Roy Hodgson,2026-03-08 18:57:30,0.6016,heatwave,0.6087,casualties,0.60,0.62,climate
aftonbladet_se,Swedish,8124,https://www.aftonbladet.se/tagg/robert-hannah,Robert Hannah,2026-03-08 19:00:01,0.6132,heatwave,0.6617,casualties,0.60,0.62,climate+health
aftonbladet_se,Swedish,8152,https://www.aftonbladet.se/tagg/rio-de-janeiro,Rio de Janeiro,2026-03-08 19:00:34,0.5694,heatwave,0.6342,deaths,0.60,0.62,health
aftonbladet_se,Swedish,8153,https://www.aftonbladet.se/tagg/rinkeby,Rinkeby,2026-03-08 19:00:35,0.5986,heatwave,0.6206,west nile virus,0.60,0.62,health
aftonbladet_se,Swedish,8173,https://www.aftonbladet.se/tagg/rikard-grip,Rikard Grip,2026-03-08 19:00:59,0.6011,heatwave,0.5913,casualties,0.60,0.62,climate
aftonbladet_se,Swedish,8212,https://www.aftonbladet.se/tagg/reumatism,Reumatism,2026-03-08 19:01:48,0.6004,heatwave,0.6244,diseases,0.60,0.62,climate+health
aftonbladet_se,Swedish,8225,https://www.aftonbladet.se/tagg/resa-ukraina,Resa | Ukraina,2026-03-08 19:02:04,0.6028,heatwave,0.6232,casualties,0.60,0.62,climate+health
aftonbladet_se,Swedish,8228,https://www.aftonbladet.se/tagg/resa-tunisien,Resa | Tunisien,2026-03-08 19:02:08,0.5999,heatwave,0.6201,casualties,0.60,0.62,health
aftonbladet_se,Swedish,8237,https://www.aftonbladet.se/tagg/resa-sydkorea,Resa | Sydkorea,2026-03-08 19:02:19,0.5984,heatwave,0.6206,casualties,0.60,0.62,health
aftonbladet_se,Swedish,8278,https://www.aftonbladet.se/tagg/resa-mauritius,Resa | Mauritius,2026-03-08 19:03:12,0.5931,extreme event,0.6226,casualties,0.60,0.62,health
aftonbladet_se,Swedish,8290,https://www.aftonbladet.se/tagg/resa-laos,Resa | Laos,2026-03-08 19:03:28,0.5982,heatwave,0.6272,casualties,0.60,0.62,health
aftonbladet_se,Swedish,8291,https://www.aftonbladet.se/tagg/resa-kuba,Resa | Kuba,2026-03-08 19:03:29,0.5996,heatwave,0.6265,casualties,0.60,0.62,health
aftonbladet_se,Swedish,8295,https://www.aftonbladet.se/tagg/resa-kenya,Resa | Kenya,2026-03-08 19:03:34,0.5999,heatwave,0.6257,casualties,0.60,0.62,health
aftonbladet_se,Swedish,8300,https://www.aftonbladet.se/tagg/resa-kambodja,Resa | Kambodja,2026-03-08 19:03:40,0.5908,heatwave,0.6228,casualties,0.60,0.62,health
aftonbladet_se,Swedish,8303,https://www.aftonbladet.se/tagg/resa-jamaica,Resa | Jamaica,2026-03-08 19:03:43,0.6072,heatwave,0.6329,casualties,0.60,0.62,climate+health
aftonbladet_se,Swedish,8317,https://www.aftonbladet.se/tagg/resa-flyg,Resa | Flyg,2026-03-08 19:04:00,0.6228,heatwave,0.6440,casualties,0.60,0.62,climate+health
aftonbladet_se,Swedish,8331,https://www.aftonbladet.se/tagg/resa-costa-rica,Resa | Costa Rica,2026-03-08 19:04:17,0.6031,heatwave,0.6363,casualties,0.60,0.62,climate+health
aftonbladet_se,Swedish,8339,https://www.aftonbladet.se/tagg/resa-botswana,Resa | Botswana,2026-03-08 19:04:28,0.6057,heatwave,0.6285,casualties,0.60,0.62,climate+health
aftonbladet_se,Swedish,8342,https://www.aftonbladet.se/tagg/resa-belize,Resa | Belize,2026-03-08 19:04:31,0.6016,heatwave,0.6274,casualties,0.60,0.62,climate+health
aftonbladet_se,Swedish,8371,https://www.aftonbladet.se/tagg/renaida-braun,Renaida Braun,2026-03-08 19:05:06,0.6096,heatwave,0.6107,casualties,0.60,0.62,climate
aftonbladet_se,Swedish,8382,https://www.aftonbladet.se/tagg/region-vastmanland,Region Västmanland,2026-03-08 19:05:19,0.5787,heatwave,0.6324,west nile virus,0.60,0.62,health
aftonbladet_se,Swedish,8384,https://www.aftonbladet.se/tagg/region-uppsala,Region Uppsala,2026-03-08 19:05:22,0.5984,heatwave,0.6360,west nile virus,0.60,0.62,health
aftonbladet_se,Swedish,8414,https://www.aftonbladet.se/tagg/rebecca-stella,Rebecca Stella,2026-03-08 19:05:59,0.6102,heatwave,0.6227,casualties,0.60,0.62,climate+health
aftonbladet_se,Swedish,8425,https://www.aftonbladet.se/tagg/real-housewives,Real housewives,2026-03-08 19:06:12,0.5770,heatwave,0.6268,casualties,0.60,0.62,health
aftonbladet_se,Swedish,8441,https://www.aftonbladet.se/tagg/rattfylleri,Rattfylleri,2026-03-08 19:06:31,0.6020,heatwave,0.6205,hunger,0.60,0.62,climate+health
aftonbladet_se,Swedish,8447,https://www.aftonbladet.se/tagg/rasmus-hojlund,Rasmus Höjlund,2026-03-08 19:06:39,0.6017,heatwave,0.6164,casualties,0.60,0.62,climate
aftonbladet_se,Swedish,8522,https://www.aftonbladet.se/tagg/twitter,X (tidigare Twitter),2026-03-08 19:08:14,0.5994,heatwave,0.6245,hunger,0.60,0.62,health
aftonbladet_se,Swedish,8534,https://www.aftonbladet.se/tagg/tvillingar,Tvillingar,2026-03-08 19:08:29,0.5789,heatwave,0.6531,deaths,0.60,0.62,health
aftonbladet_se,Swedish,8614,https://www.aftonbladet.se/tagg/trafficking,Trafficking,2026-03-08 19:10:16,0.6154,heatwave,0.6608,casualties,0.60,0.62,climate+health
aftonbladet_se,Swedish,8639,https://www.aftonbladet.se/tagg/tornador,Tornador,2026-03-08 19:10:47,0.6183,heatwave,0.6350,west nile virus,0.60,0.62,climate+health
aftonbladet_se,Swedish,8643,https://www.aftonbladet.se/tagg/tories,Tories,2026-03-08 19:10:52,0.6029,heatwave,0.6157,deaths,0.60,0.62,climate
aftonbladet_se,Swedish,8699,https://www.aftonbladet.se/tagg/tomas-tobe,Tomas Tobé,2026-03-08 19:12:02,0.5932,heatwave,0.6315,casualties,0.60,0.62,health
aftonbladet_se,Swedish,8761,https://www.aftonbladet.se/tagg/time-magazine,Time Magazine,2026-03-08 19:13:21,0.6212,heatwave,0.6230,hunger,0.60,0.62,climate+health
aftonbladet_se,Swedish,8796,https://www.aftonbladet.se/tagg/thomas-quick-sture-bergwall,Thomas Quick / Sture Bergwall,2026-03-08 19:14:04,0.6099,heatwave,0.6088,deaths,0.60,0.62,climate
aftonbladet_se,Swedish,8819,https://www.aftonbladet.se/tagg/the-white-lotus-tv-serie,The White Lotus (TV-serie),2026-03-08 19:14:31,0.6337,heatwave,0.6414,west nile virus,0.60,0.62,climate+health
aftonbladet_se,Swedish,8822,https://www.aftonbladet.se/tagg/the-wannadies,The Wannadies,2026-03-08 19:14:35,0.6020,heatwave,0.5989,hunger,0.60,0.62,climate
aftonbladet_se,Swedish,8926,https://www.aftonbladet.se/tagg/tarik-elyounoussi,Tarik Elyounoussi,2026-03-08 19:16:50,0.5646,heatwave,0.6306,deaths,0.60,0.62,health
aftonbladet_se,Swedish,8967,https://www.aftonbladet.se/tagg/sydsudan,Sydsudan,2026-03-08 19:17:40,0.5890,heatwave,0.6303,deaths,0.60,0.62,health
aftonbladet_se,Swedish,8974,https://www.aftonbladet.se/tagg/swift,Swift,2026-03-08 19:17:49,0.6606,heatwave,0.6538,undernourishment,0.60,0.62,climate+health
aftonbladet_se,Swedish,8992,https://www.aftonbladet.se/tagg/svetlana-tichanovskaja,Svetlana Tichanovskaja,2026-03-08 19:18:12,0.6161,heatwave,0.6439,chikungunya,0.60,0.62,climate+health
aftonbladet_se,Swedish,9068,https://www.aftonbladet.se/tagg/svalbard,Svalbard,2026-03-08 19:19:46,0.6047,heatwave,0.6119,casualties,0.60,0.62,climate
aftonbladet_se,Swedish,9080,https://www.aftonbladet.se/tagg/susan-boyle,Susan Boyle,2026-03-08 19:20:02,0.5963,heatwave,0.6230,hunger,0.60,0.62,health
aftonbladet_se,Swedish,9109,https://www.aftonbladet.se/tagg/suicide-zero,Suicide Zero,2026-03-08 19:20:38,0.5605,climate crisis,0.6458,deaths,0.60,0.62,health
aftonbladet_se,Swedish,9122,https://www.aftonbladet.se/tagg/studentfirande,Studentfirande,2026-03-08 19:20:54,0.6025,heatwave,0.6301,casualties,0.60,0.62,climate+health
aftonbladet_se,Swedish,9135,https://www.aftonbladet.se/tagg/strawberry-arena,Strawberry arena,2026-03-08 19:21:08,0.6066,heatwave,0.6018,casualties,0.60,0.62,climate
aftonbladet_se,Swedish,9147,https://www.aftonbladet.se/tagg/storstockholm,Storstockholm,2026-03-08 19:21:23,0.6040,heatwave,0.5915,deaths,0.60,0.62,climate
aftonbladet_se,Swedish,9151,https://www.aftonbladet.se/tagg/stormy-daniels-stephanie-clifford,”Stormy Daniels” Stephanie Clifford,2026-03-08 19:21:29,0.6188,heatwave,0.6073,casualties,0.60,0.62,climate
aftonbladet_se,Swedish,9257,https://www.aftonbladet.se/tagg/staffanstorp,Staffanstorp,2026-03-08 19:23:38,0.6131,heatwave,0.6297,deaths,0.60,0.62,climate+health
aftonbladet_se,Swedish,9284,https://www.aftonbladet.se/tagg/sportprogram,Sportprogram,2026-03-08 19:24:12,0.6158,extreme event,0.6086,casualties,0.60,0.62,climate
aftonbladet_se,Swedish,9292,https://www.aftonbladet.se/tagg/sportbladet-chatt,Sportbladet chatt,2026-03-08 19:24:22,0.5903,extreme event,0.6231,undernourishment,0.60,0.62,health
aftonbladet_se,Swedish,9305,https://www.aftonbladet.se/tagg/spelmissbruk,Spelmissbruk,2026-03-08 19:24:37,0.5735,heatwave,0.6431,casualties,0.60,0.62,health
aftonbladet_se,Swedish,9344,https://www.aftonbladet.se/tagg/sophantering,Sophantering,2026-03-08 19:25:31,0.5990,heatwave,0.6342,casualties,0.60,0.62,health
aftonbladet_se,Swedish,9349,https://www.aftonbladet.se/tagg/sommarplaga,Sommarplåga,2026-03-08 19:25:38,0.6145,heatwave,0.6080,hunger,0.60,0.62,climate
aftonbladet_se,Swedish,9350,https://www.aftonbladet.se/tagg/sommar-os-2024,Sommar-OS 2024,2026-03-08 19:25:39,0.6145,heatwave,0.5796,casualties,0.60,0.62,climate
aftonbladet_se,Swedish,9351,https://www.aftonbladet.se/tagg/sommar-os-2020,Sommar-OS 2021,2026-03-08 19:25:40,0.6086,heatwave,0.5845,casualties,0.60,0.62,climate
aftonbladet_se,Swedish,9354,https://www.aftonbladet.se/tagg/sommarjobb,Sommarjobb,2026-03-08 19:25:44,0.6009,heatwave,0.5710,undernourishment,0.60,0.62,climate
aftonbladet_se,Swedish,9355,https://www.aftonbladet.se/tagg/sommar-i-p1,Sommar i P1,2026-03-08 19:25:46,0.6250,heatwave,0.6050,hunger,0.60,0.62,climate
aftonbladet_se,Swedish,9396,https://www.aftonbladet.se/tagg/sofia,Sofia,2026-03-08 19:26:38,0.6257,heatwave,0.6637,casualties,0.60,0.62,climate+health
