source,sampled,empty_content,empty_pct,short_content,short_pct,bad_pct,unique_prefixes_of_5,repetitive,sample_content
20min_ch,500,0,0.0,0,0.0,0.0,5,False,"Krieg in NahostExplosionen in DubaiEmirates-A380-Flug aus Zürich kreiste stundenlang über der Wüste8958139
Epstein-FilesJetzt veröffentlichtUS-Justizm"
24chasa_bg,500,0,0.0,0,0.0,0.0,5,False,"Добре дошли в(ъв) 24chasa.bg
Личните ви данни ще се обработват и информацията от устройството ви („бисквитки“, уникални идентификатори и други данни о"
24sata_hr,500,0,0.0,0,0.0,0.0,5,False,"STRAH OD ŠPIJUNAŽE
Rusi kupovali vikendice u Finskoj, vrlo blizu vojnih objekata. Slučajnost?!
Čini se da je isti slučaj u Švedskoj, Norveškoj. Mnoge "
aamulehti_fi,500,0,0.0,0,0.0,0.0,5,False,"Valkeakoskelaiset nuorisovaltuutetut Iris Käkönen ja Sofia Sammalniemi kertovat, mitä ajattelevat somehaasteista, ja miten niihin tulisi suhtautua."
abc_es,500,0,0.0,0,0.0,0.0,5,False,"Manifestarse y marchar para recordar estas y otras premisas es ya algo habitual cada 8 de marzo desde hace años en nuestra sociedad, produciéndose dif"
abola_pt,500,0,0.0,0,0.0,0.0,4,False,"Requisito de verificação de idade

Este artigo contém conteúdo para adultos que pode ser inadequado para menores. Por favor, confirme que tem 18 anos "
adevarul_ro,500,0,0.0,0,0.0,0.0,5,False,Ne găsești și pe app.actualitate.net. Cele mai importante știri din România. Aplicație disponibilă pe iOS și Android.
adressa_no,500,0,0.0,0,0.0,0.0,5,False,"Kurdiske sikkerhetsstyrker melder at fire droner ble skutt ned av internasjonale koalisjonsstyrker, og at ingen ble skadet av deler som falt ved et ho"
aftenposten_no,500,0,0.0,0,0.0,0.0,5,False,Vi følger Emil Hegle Svendsens vei til VM. Denne gangen handler det om ukevis i høyden og hotellsenger på bortgjemte steder. I morgen får han svar på 
aftonbladet_se,500,0,0.0,0,0.0,0.0,5,False,"Möt Ljubomir Vranjes – hetaste svensken i handbollsvärlden square1 Bråket med Per Carlén square1 Depressionen square1 Framtiden och landslaget

Läs oc"
aksam_com_tr,500,0,0.0,0,0.0,0.0,5,False,"Bölgede tansiyon düşmüyor! Trump: Hiç görülmemiş güçle vururuz
ABD Başkanı Donald Trump, İran'ın ABD'yi ""daha önce hiç olmadığı kadar güçlü şekilde vu"
alriyadh_com,257,0,0.0,0,0.0,0.0,5,False,"اقتراحات المحررين
الأكثر قراءة
الهلال يطالب بمراجعة آلية استقطاب الطواقم ...
جدّدت شركة نادي الهلال استغرابها من آلية اختيار الطواقم التحكيمية الأجنبي"
appledaily_com,137,0,0.0,0,0.0,0.0,2,False,"At Apple Daily, we are more than just a news source. Our unique selling point lies in our commitment to delivering a diverse range of content, connect"
as_com,500,0,0.0,0,0.0,0.0,5,False,"Portugal | Kika Nazareth
“No quiero estar en el mismo saco que Figo, Mou o Cristiano”
Amalia Fra
Copa de Asia (F)
Irán califica a sus jugadoras como """
assabah_ma,153,0,0.0,0,0.0,0.0,5,False,"أنفق المغارب في ظرف شهر ما يناهز 300 مليار درهم لتمويل سفرياتهم بالخارج. وأفاد مصدر من مكتب الصرف أن نفقات المغاربة على…
أكمل القراءة »تمكنت عناصر الأ"
aujourdhui_ma,191,0,0.0,0,0.0,0.0,5,False,"Actualité

Droits humains et culture de la paix : Le CNDH met en avant l’expérience marocaine devant le CDH

Engagement : Le Conseil national des droi"
berlingske_dk,500,0,0.0,0,0.0,0.0,5,False,"xxx

Ikke en »letsindig« regering

Da Folketinget tidligere i dag torsdag skulle tredjebehandle lovforslaget om statsborgerskab, nævnte integrationsmi"
bharian_com_my,500,0,0.0,0,0.0,0.0,2,False,"Advertising presented to you on this service can be based on your advertising profiles, which can reflect your activity on this service or other websi"
bild_de,426,0,0.0,0,0.0,0.0,5,False,"+++Jetzt Live: Das große Wahlspezial und Expertenrunde bei BILD

+++Jetzt Live: Das große Wahlspezial und Expertenrunde bei BILD

+++Jetzt Live: Das g"
blesk_cz,500,0,0.0,0,0.0,0.0,5,False,Zpěvačka Marcela Březinová (43) se svlékla! Seriál jejích pornosnímků vznikl pro magazín Leo. A Březinová se opravdu nestyděla. Její snímky patří beze
blic_rs,10,0,0.0,0,0.0,0.0,5,False,"Vesti
Najčitanije
Info najnovije
Sportal
-
""TATINE USNICE"" Sloba Radanović pokazao NEODOLJIVU SLIKU SINA: Damjan je napunio tri godine, a pevač puca o"
blick_ch,500,0,0.0,0,0.0,0.0,5,False,"Sind Sie ein Füdlibürger? Frau, Kind, VW-Kombi und ein Reihenhäuschen: ein klassischer Füdlibürger – wenns nach dem Städter geht. Aber auch die City h"
blikk_hu,500,0,0.0,0,0.0,0.0,5,False,"A Ferrari két ászának, Charles Leclerc és Lewis Hamilton parádéja a Hősök terénél, a száguldó cirkusz legnagyobbjainak arcképe a margitszigeti Zenélő "
bt_dk,500,0,0.0,0,0.0,0.0,5,False,"Nyheder
Navigation
Log ind
Profil
Menu
Sektioner
Nyheder
Sport
Underholdning
Penge
Nyheder
Nyheder
Efter skyderi: To mænd sigtet for forsøg på manddra"
businesstimes_com_sg,500,0,0.0,0,0.0,0.0,5,False,THE broadest equity rally on record will pick up speed through the year end and lift the Standard & Poor's 500 Index to the biggest annual increase in
capital_bg,500,0,0.0,0,0.0,0.0,4,False,"Архивът на ""Капитал"" Статията, която искате да прочетете, е част от архива на ""Капитал"", който е достъпен само за абонати . Той включва над 200 000 ст"
cas_sk,500,0,0.0,0,0.0,0.0,5,False,"Slováci z Blízkeho východu mieria DOMOV: Tretí evakuačný let priviezol 84 dospelých i DETI!

Slovenská republika v stredu úspešne zrealizovala tretí e"
chinatimes_com,5,0,0.0,0,0.0,0.0,5,False,"BWF超級1000系列全英羽球公開賽，台灣由男單林俊易、混雙葉宏蔚／詹又蓁首創單屆賽事雙冠紀錄，為台灣羽壇寫下歷史新頁，中華羽球協會理事長張國祚特別宣布頒發每組10萬元激勵獎金，肯定選手們在國際賽場上
世界棒球經典賽於日本東京巨蛋開打，行政院長卓榮泰7日搭乘華航專機，觀看中華隊對捷克隊比賽。行政院表"
chosun_com,105,0,0.0,0,0.0,0.0,1,True,"2026년 3월 15일(일)
신문구독
|
English
|
日本語
|
中文
조선경제
오피니언
정치
사회
국제
건강
스포츠
문화·연예
콘텐츠판
땅집고
BEMIL 군사세계
헬스조선
IT조선
조선에듀
어린이조선일보
산&트래블
이코노미조선
신문은 선생님
THE BOUTIQUE"
citizen_co_za,500,0,0.0,0,0.0,0.0,5,False,"Tuesday’s meeting between Ndabeni-Abrahams, PSL chairman Irvin Khoza, Multichoice Executive Chairman Imtiaz Patel and Chief Executive Officer Calvo Ma"
clarin_com,500,0,0.0,0,0.0,0.0,5,False,"El viaje de Milei: Estados Unidos, Argentina y una región que cada vez se alinea más con Trump

Paula Lugones

Día de la Mujer: el mensaje del Gobiern"
correiobraziliense_com_br,10,0,0.0,0,0.0,0.0,5,False,"A Serrinha do Paranoá e o caso BRB: um problema disfarçado de solução

A conservação de áreas de drenagem, como as da Serrinha do Paranoá, é fundament"
corriere_it,500,0,0.0,0,0.0,0.0,5,False,"«La caduta dell’Afghanistan è stata per me come la perdita del passato e del futuro. Sotto il regime dei talebani, la vita non è mai sicura, né umana."
dagbladet_no,500,0,0.0,0,0.0,0.0,4,False,Stortingets kontroll- og konstitusjonskomité leverte tirsdag sin innstilling med forslag om å opprette en ny granskingskommisjon. Kommisjonen skal se 
dailymail_co_uk,500,0,0.0,0,0.0,0.0,5,False,"It took longer than normal for the United States to wake up against Great Britain, but the bat of Kyle Schwarber shot them out from a slumber and off "
dailynews_co_th,500,0,0.0,0,0.0,0.0,5,False,สำนักงานสภาพัฒนาการเศรษฐกิจและสังคมแห่งชาติ (สศช.) เปิดรับสมัครสอบแข่งขันเพื่อบรรจุบุคคลเข้ารับราชการในตำแหน่ง เจ้าพนักงานธุรการปฏิบัติงาน จำนวน 14 ตำ
dailytelegraph_com_au,500,0,0.0,0,0.0,0.0,5,False,"NSW
More Stories
DJ praises Palestinian ‘martyrs’ at Biennale of Sydney event
Sun sets on Armytage’s cottage life at Hyams
Wallabies crystal ball: War"
denik_cz,500,0,0.0,0,0.0,0.0,5,False,"Konec Moravce v České televizi: Vládní politici slaví, jiní jeho práci oceňují Reakce politiků, osobností a novinářů na odchod moderátora Václava Mora"
derstandard_at,500,0,0.0,0,0.0,0.0,5,False,"Immobilien IMMO-Branchen News Neugründungen, Veränderungen und Personelles in einer Ansichtssache Ansichtssache aktualisiert am 
      5. Februar 202"
diariocorreo_pe,500,0,0.0,0,0.0,0.0,5,False,"Los oleajes anómalos destruyeron el malecón de Máncora (Piura), afectando a decenas de negocios que se ubican en la primera línea de playa. Los propie"
diepresse_com,500,0,0.0,0,0.0,0.0,5,False,"ÖVP

Der Kronzeuge kommt: Thomas Schmid und der Vorwurf der „Lüge“

Am Montag wird im Postenschacher-Prozess um ÖVP-Klubchef August Wöginger Thomas Sc"
dn_no,5,0,0.0,0,0.0,0.0,3,False,Dagens Næringsliv er en del av DN Media Group. For mer informasjon om DN Media Group klikk her. Vi arbeider etter Vær Varsom-plakatens regler for god 
dnevnik_bg,9,0,0.0,0,0.0,0.0,5,False,"""Целта е била да направят запис"": Теодора Георгиева била заведена при Петьо Еврото от прокурор Емилия Русинова

Европрокурорът уточни, че не си спомня"
donga_com,500,0,0.0,0,0.0,0.0,5,False,"李, 9일 중동 상황 경제·물가 비상경제점검회의 주재
- 좋아요 개
- 코멘트 개
이재명 정부
이재명 대통령이 7일 엑스(X)에 올린 ‘책임과 권력’이란 제목의 글에서 “대통령이 되고 집권 세력이 됐다고 마음대로 다 할 수도 없고 그래서도 안 된다”며 “위대한 국민 지"
ekstrabladet_dk,6,0,0.0,0,0.0,0.0,1,True,"Ekstra Bladet annoncer
Du kan her rette dine indstillinger for, om vi må sætte cookies og bruge persondata.
Administrér samtykke
Køb Ekstra Bladet+
Pl"
elcolombiano_com,10,0,0.0,0,0.0,0.0,5,False,"Colombia

0

Penagos dice que no han recibido pruebas de compra de votos del registrador de Córdoba como denunció el Gobierno

Colombia

0

Cabezas de"
elcomercio_com,76,0,0.0,0,0.0,0.0,4,False,"Un club diferente. Una apuesta distinta. Multiplica el juego.

Reebok inicia una nueva era global junto a Karol G

Dragón Ball regresa ¡Con la Saga de"
elcomercio_pe,500,0,0.0,0,0.0,0.0,5,False,"#8M: La violencia contra la mujer no termina el día de la agresión

En América Latina, sobrevivir a una agresión sexual no garantiza recibir atención "
eleconomista_com_mx,500,0,0.0,0,0.0,0.0,5,False,La sección de Economía muestra la información más relevante de los indicadores económicos clave y sus implicaciones. Así como los análisis profundos d
elespectador_com,232,0,0.0,0,0.0,0.0,4,False,"Noticias de Judicial
Judicial
Lo último sobre la rama judicial y la justicia del país.
Publicidad
Home
Judicial
Judicial
Capturan al candidato de la U"
elfinanciero_com_mx,500,0,0.0,0,0.0,0.0,5,False,"Como parte de la Operación Limpieza, México suspendió los permisos de importación de acero a 350 empresas, mientras investiga a otras 400 compañías po"
elheraldo_co,143,0,0.0,0,0.0,0.0,5,False,"Compartir: Por: Redacción  Locales Durante el Congreso de Facocaribe , que reúne a más de 2 mil personas este fin de semana en la ciudad de Barranquil"
elmostrador_cl,20,0,0.0,0,0.0,0.0,5,False,"El canciller Wang Yi aseguró que la cooperación con la región “no se dirige contra terceros”, en respuesta a la cumbre de Donald Trump en Miami y las "
elmundo_es,500,0,0.0,0,0.0,0.0,5,False,"Guerra en Oriente Próximo. 'Operación Rugido de león', la venganza israelí por el 7-O que llevó a EEUU a la guerraRedacción: FELIPE SAHAGÚN 87 comenta"
elpais_com,9,0,0.0,0,0.0,0.0,5,False,"En directo

EE UU considera la idea de una operación especial para confiscar el uranio de Irán

El presidente del parlamento iraní afirma que Teherán "
eltiempo_com,500,0,0.0,0,0.0,0.0,5,False,Opinión La batalla de las encuestas Esto es entre Cepeda y De la Espriella: los que lo dudan se resignarán a ello con el avance la campaña. Mauricio V
eluniversal_com_mx,100,0,0.0,0,0.0,0.0,5,False,"Cada 8 de marzo, miles de mujeres salen a las calles para alzar la voz, exigir justicia y visibilizar la lucha por la igualdad de derechos.

En el mar"
en_calameo_com,440,0,0.0,0,0.0,0.0,5,False,"Captivate Your Audience: The Real Challenge of Digital Publishing

In MARKETING

Learn how to create digital publications that truly captivate your au"
estadao_com_br,500,0,0.0,0,0.0,0.0,5,False,"Baba Vacaro apresenta um programa com duetos clássicos. Nesta edição, você ouve Gilberto Gil e Caetano Veloso, Maria Bethânia e Nana Caíno e muito mai"
ethnos_gr,146,0,0.0,0,0.0,0.0,5,False,"Εξαιρετικά τεταμένη ατμόσφαιρα - Το μήνυμα του Ισραήλ είναι σαφές: «Θα σας βρίσκουμε όπου κι αν κρύβεστε»

Τι εκτιμούν αναλυτές για την επιλογή του Μο"
evz_ro,500,0,0.0,0,0.0,0.0,5,False,"coordonare@evzgroup.ro
Procedura de numire a viitorilor conducători ai Parchetului General, DNA și DIICOT a generat o amplă dezbatere publică în ulti "
excelsior_com_mx,500,0,0.0,0,0.0,0.0,5,False,La polémica rodeó el América – Tigres en los instantes finales del encuentro de la jornada 8 del Torneo Clausura 2026 de la Liga MX. El brasileño Viní
expressen_se,500,0,0.0,0,0.0,0.0,5,False,"Joakim Lundell publicerade en bild på sociala medier – där han skrev att man för 350 kronor fick hålla i hans dotter och ta en fanbild med henne.

Det"
fakt_pl,500,0,0.0,0,0.0,0.0,4,False,"Wisła Kraków chce drakońskiej kary dla Śląska Wrocław. ""Tak to powinno wyglądać""
Nie milkną echa sobotniego meczu Śląska Wrocław z Wisłą Kraków, które"
faz_net,500,0,0.0,0,0.0,0.0,5,False,"Iranische Kurden:

Trumps Kehrtwende

Ein Kommentar von

Andreas Ross

Nicht nur Merz atmet auf: Plötzlich findet der US-Präsident doch keinen Gefalle"
ft_com,500,0,0.0,0,0.0,0.0,4,False,"This is an audio transcript of the Swamp Notes podcast episode: ‘Trump’s ‘war of whim’ in Iran’

Lauren Fedor

President Trump started a war with Iran"
gazeta_pl,500,0,0.0,0,0.0,0.0,5,False,"Ambasador USA krytycznie o Braunie. ""Ameryka i Trump nie zapomną""

Tom Rose skrytykował Grzegorza Brauna za jego wizytę w irańskiej ambasadzie. Europo"
gazetadopovo_com_br,500,0,0.0,0,0.0,0.0,5,False,"A casa da família Stroessner continua a atrair olhares no litoral do Paraná, onde o ex-presidente do Paraguai Alfredo Stroessner viveu por dois meses,"
gazzetta_it,500,0,0.0,0,0.0,0.0,2,False,Completando la registrazione dichiaro di essere maggiorenne e di avere preso visione dell’Informativa Privacy redatta ai sensi del Regolamento UE 679/
gestion_pe,9,0,0.0,0,0.0,0.0,5,False,"Cuando el cargo ya no te define: diálogo entre un exgerente y un gerente en actividad
¿Y la responsabilidad política de las empresas en Perú?
La propi"
gp_se,500,0,0.0,0,0.0,0.0,5,False,Polisen försökte stanna en bil för kontroll. Då satte föraren plattan i mattan och flydde från platsen. Efter en biljakt över både väg- och gångbanor 
gsp_ro,500,0,0.0,0,0.0,0.0,5,False,"Prima repriză a duelului dintre FC Argeș și Unirea Slobozia, disputat pe stadionul din Mioveni, nu a oferit multe momente spectaculoase. Prudența a ca"
guardian_ng,37,0,0.0,0,0.0,0.0,5,False,"TOP NEWS Three killed, six injured in multiple crash on Lagos–Abeokuta Expressway Three persons have died in a multiple-vehicle crash at the Toll Gate"
hani_co_kr,324,0,0.0,0,0.0,0.0,5,False,"외신 “이재명은 새 유형의 대통령…성과 내는 행정력으로 높은 지지율”이재명 대통령이 임기 초반 60% 안팎의 높은 지지율을 유지하는 배경에는 ‘성과를 내는 행정 능력’이 있다는 외신의 분석이 나왔다.미국 외교 전문지 디플로맷은 3일(현지시각) “이재명, ‘새로운 유형의"
herald_ie,500,0,0.0,0,0.0,0.0,5,False,"Trump accuses Starmer of trying to ‘join’ Iran war ‘after we’ve already won’

LATEST | Daughter of Soham child killer Ian Huntley says his ashes shoul"
heraldsun_com_au,500,0,0.0,0,0.0,0.0,5,False,VideoNSW22 minutes agoE.T or shooting star? Man’s ‘UFO’ sighting from bedroom windowA Wilton man believes the truth is out there after filming what he
hindustantimes_com,500,0,0.0,0,0.0,0.0,4,False,"Story Saved

Live Score

Subscribe Now

Your Subscription Plan

Your The WSJ subscription is active

Link your email for The WSJ activation"
hs_fi,500,0,0.0,0,0.0,0.0,5,False,"Iran|Tällainen on Iranin ylimmäksi johtajaksi valittu Mojtaba Khamenei

56-vuotias Mojtaba Khamenei on ollut vaikutusvaltainen hahmo vallan varjoissa,"
hurriyet_com_tr,136,0,0.0,0,0.0,0.0,5,False,İran'ın güneyindeki Minab kentinde bulunan Şajarah Tayyiba İlkokulu'na düzenlenen saldırıda çoğu çocuk en az 175 kişi hayatını kaybetti. İranlı yetkil
ihned_cz,142,0,0.0,0,0.0,0.0,5,False,"S polečnost Levné knihy je v insolvenci. Návrh na sebe podala sama, dluží podle něj zhruba 133 milionů korun. Uvedla, že ji poznamenala pandemie covid"
ilsole24ore_com,500,0,0.0,0,0.0,0.0,3,False,"App disponibile su:

Google Play App store

P.I. 00777910159 Dati societari © Copyright Il Sole 24 Ore Tutti i diritti riservati

Per la tua pubblicit"
iltalehti_fi,500,0,0.0,0,0.0,0.0,1,True,"Siirry pääsisältöön
maanantai 9.3.2026
Auvo, Edvin
TV-ohjelmat
Etua
Kattokorko
Näköislehti
Kirjaudu
Etusivu
Uutiset
Urheilu
Viihde
Plus
Sää
Videot
Aut"
independent_co_uk,500,0,0.0,0,0.0,0.0,5,False,"Insurance giant Aviva has issued a stark warning regarding a surge in ""ghost broking"" scams, primarily targeting young drivers and costing them thousa"
independent_ie,500,0,0.0,0,0.0,0.0,5,False,"Father of man who killed his wife and kids in Fermanagh to face gun charge

‘We got lost in Moscow and I thought I’d never see my husband again’: the "
indianexpress_com,64,0,0.0,0,0.0,0.0,5,False,"Reference #18.3c41402.1773055655.9e0b2eb1
https://errors.edgesuite.net/18.3c41402.1773055655.9e0b2eb1"
infobae_com,500,0,0.0,0,0.0,0.0,5,False,"Los países del G7 evalúan el uso de sus reservas de petróleo para detener la suba del precio del barril

La crisis provocada por la guerra en Medio Or"
inquirer_net,500,0,0.0,0,0.0,0.0,2,False,"MANILA, Philippines — Almost every Middle Eastern country has been thrown into disarray, sustaining damage from missile strikes and drone attacks, wit"
iol_co_za,5,0,0.0,0,0.0,0.0,4,False,"Advertising presented to you on this service can be based on limited data, such as the website or app you are using, your non-precise location, your d"
irishexaminer_com,500,0,0.0,0,0.0,0.0,5,False,"newsMother launches High Court case after suicide of 12-year-old daughterJannah Shahzad Browne from Tallaght, south Dublin, was found dead in the bedr"
irishtimes_com,500,0,0.0,0,0.0,0.0,1,True,"Common Ground

How does a post-Brexit world shape the identity and relationship of these islands

The GlossOpens in new window

Read the digital editi"
is_fi,500,0,0.0,0,0.0,0.0,5,False,"NopeatEino puhalsi käsisuihkuun

NOPEAT

Kotimaa

Heinolalainen eläkeläinen Eino, 67, huomasi kylpyhuoneessaan erikoisen ongelman käsisuihkun kanssa. "
japantimes_co_jp,253,0,0.0,0,0.0,0.0,5,False,Senior members of groups linked to the Yamaguchi-gumi and Sumiyoshi-kai crime syndicates were among those arrested.
jawapos_com,500,0,0.0,0,0.0,0.0,5,False,Komdigi soroti ancaman anak di ruang digital dengan 283 Duta Damai sebagai penyuluh publik. Strategi ini perkuat literasi dan lindungi anak di era dig
jornaleconomico_sapo_pt,500,0,0.0,0,0.0,0.0,5,False,"As receitas do sector do estacionamento em Portugal cresceram 20% no ano passado, para os 120 milhões de euros. Uma evolução que está relacionada com "
jutarnji_hr,500,0,0.0,0,0.0,0.0,5,False,"ZAVRŠNI GOVORI Dekanić u četvrtak doznaje presudu, tužitelj izdvojio poruku: ‘Meni je Dex rastep‘o u autu...‘ USKOK tvrdi da je župan vozio pijan i da"
jyllands-posten_dk,500,0,0.0,0,0.0,0.0,5,False,"18 timer sidenInternational Trump: Irans nye leder kommer ikke til at holde længe uden USA's godkendelse
21 timer sidenInternationalI en »nation af fæ"
kathimerini_gr,500,0,0.0,0,0.0,0.0,5,False,"Newsroom 05.07.2009 • 08:00 Κοινοποίηση 0 Σχόλια Σχέσεις διαπλοκής ανάμεσα σε σκληρούς κακοποιούς, επιχειρηματίες της νύχτας και εγκλείστους των φυλακ"
kauppalehti_fi,500,0,0.0,0,0.0,0.0,4,False,"Perttu RäisänenKommentti / Sijoittajat uhkaavat nukkua pommiin: Maailma on uuden öljykriisin partaallaTänään13:02SijoittaminenPerttu Räisänen
Karo Häm"
khaosod_co_th,500,0,0.0,0,0.0,0.0,2,False,"ติดตามข่าวสด
Khaosod Chinese
搬家 4 次仍难逃私生饭“敲门”？Engfa 怒装 16 个摄像头：艺人也需要私人空间！
泰国三轮车成精了？MotoGP 车手开 Tuk Tuk 狂飙还翘头！这波文化输出我给 100 分！
现实版“满屋黄金”！泰国前税务局长因贪腐被没收 31"
kleinezeitung_at,500,0,0.0,0,0.0,0.0,5,False,"„Wo soll ich hineinbeißen?“

CEO von McDonald‘s blamiert sich mit Video

Chris Kempczinski testet den neuen „Big Arch“-Burger, doch er scheint ihm nic"
kompas_com,500,0,0.0,0,0.0,0.0,5,False,"Kalkulator Kredit Usaha

Lakukan simulasi perhitungan dana sesuai

dengan kebutuhan yang Kamu pilih."
koran_tempo_co,500,0,0.0,0,0.0,0.0,5,False,"Iklan
Duka Lama Wiwin Suryadinata
Kita Perlu Berbicara agar Pemerkosaan 1998 Tidak Terulang
Tiyo Ardianto: Teror Tak Membuat Kami Takut
Thomas B. Pepi"
krone_at,500,0,0.0,0,0.0,0.0,1,True,"Vorteilswelt
ePaper
Community
Gewinnspiele
Krone mobile
Immosuche
Jobsuche
Bazar
menu
Menü aufklappen
Mo., 09.03.2026
Menü aufklappen
Wien
Niederöster"
kurier_at,500,0,0.0,0,0.0,0.0,5,False,"Der tägliche Nachrichtenüberblick am Morgen, inklusive Wetterbericht für ganz Österreich.

Kurier Daily bietet Ihnen einen Überblick über die wichtigs"
kurir_rs,500,0,0.0,0,0.0,0.0,2,False,"- Dok drugi bacaju, penzioner zarađuje: Neobičan biznis mu donosi 8.000 dinara nedeljno kao bonus na penziju
- ŠOKANTNE TVRDNJE IZ SLOVENIJE! Da li je"
lalibre_be,500,0,0.0,0,0.0,0.0,5,False,"À la salle de sport, on rencontre tous types de personnes. Certaines préfèrent courir sur un tapis ou pédaler à vélo, tandis que d'autres jurent uniqu"
lanacion_cl,500,0,0.0,0,0.0,0.0,2,False,La clave para renovar con poco presupuesto es simple: priorizar cambios de alto impacto (los que se notan al tiro) y evitar compras impulsivas. Con aj
lanacion_com_ar,500,0,0.0,0,0.0,0.0,5,False,"1

“Enorme orgullo”: una tradicional institución educativa rural tiene cada vez más mujeres en sus aulas

2

A cuánto está la nafta y a cuánto podría "
lapresse_ca,10,0,0.0,0,0.0,0.0,5,False,"L’actualité verte de la semaine Oiseaux, castors et érosion

Notre sélection de nouvelles environnementales d’ici et d’ailleurs.

Planète bleue, idées"
larepublica_pe,199,0,0.0,0,0.0,0.0,5,False,"Acomayo es una de las 13 provincias que conforman la región Cusco, un pequeño 'río de arena' (quechua) que se levanta al sureste del departamento y al"
lastampa_it,500,0,0.0,0,0.0,0.0,5,False,"Domenico, dubbi su un farmaco somministrato a Bolzano. E al Monaldi arriva l’equipe del Bambin Gesù MANUELA GALLETTA
Uguaglianza di genere, corsi per "
latercera_com,500,0,0.0,0,0.0,0.0,5,False,"El PSG sufrió una eliminación temprana de la Copa de Francia de la mano de su club hermano, el París FC . El conjunto recién ascendido venció por la c"
lefigaro_fr,500,0,0.0,0,0.0,0.0,5,False,"Confusion des peines : la requête de Nicolas Sarkozy refusée

INFO LE FIGARO - En fusionnant ses condamnations à de la prison ferme dans les dossiers "
lematin_ma,500,0,0.0,0,0.0,0.0,2,False,"Actualité en direct et infos Nationales en continu sur Le Matin.ma - Le Matin.ma
À quelques jours de la célébration de la Journée internationale des d"
lemonde_fr,500,0,0.0,0,0.0,0.0,5,False,"« Le Séminaire, livre II. Le moi dans la théorie de Freud et dans la technique de la psychanalyse, 1954-1955 », de Jacques Lacan, texte établi par Jac"
leparisien_fr,500,0,0.0,0,0.0,0.0,5,False,"Pour soutenir le travail de notre rédaction, nous et nos partenaires utilisons des cookies pour stocker et/ou accéder à des informations sur votre ter"
lequipe_fr,146,0,0.0,0,0.0,0.0,1,True,"En vous abonnant, vous accédez à la source de référence sur l'actu sportive.En vous abonnant, vous accédez à la source de référence sur l'actu sportiv"
lesoir_be,156,0,0.0,0,0.0,0.0,5,False,"Reference #18.5e1f1602.1773085493.9fc6635
https://errors.edgesuite.net/18.5e1f1602.1773085493.9fc6635"
letemps_ch,500,0,0.0,0,0.0,0.0,5,False,"Dans les universités, dans les rues de Suisse, cet été et cet automne, nous étions des milliers à marquer notre solidarité avec les Gazaouis sous les "
liberation_fr,1,0,0.0,0,0.0,0.0,1,False,"Décryptage

Municipales à Marseille : la propreté encore et toujours au cœur de la campagne

Toutes les listes ont choisi de signer et s’engagent à en"
lidovky_cz,500,0,0.0,0,0.0,0.0,1,True,"iDNES a reklama

Pokud využijete místo platby udělení souhlasu s reklamou (tj. souhlas s využitím cookies a dalších síťových identifikátorů pro účely "
limerickleader_ie,500,0,0.0,0,0.0,0.0,2,False,"Please allow ads as they help fund our trusted local news content.

Kindly add us to your ad blocker whitelist.

If you want further access to Ireland"
ltn_com_tw,500,0,0.0,0,0.0,0.0,5,False,Google相簿AI搜尋被嫌難用！官方開放切回傳統舊版 Android手機爆重大漏洞！關機也不安全　數百萬用戶恐受影響 別亂跟風 OpenClaw「養龍蝦」！反悔了很難刪　達人曝恐怖下場 微軟公開下一代 XBOX 遊戲主機效能細節！原型機明年問世 台灣手機一片漲聲！通路公布降價TOP 15：這些現在
magyarnemzet_hu,500,0,0.0,0,0.0,0.0,5,False,"Kövér László

Váratlan gesztust tett Kövér László a parlamentben magából kikelve ordítozó Szabó Tímeának + videó

A házelnök olyat engedett meg a parl"
mainichi_jp,500,0,0.0,0,0.0,0.0,5,False,"国際
ピックアップ
-
米国に抵抗、国内結束に不安も イラン、トップに「殉教者」の息子
3/9 12:32深掘り 1122文字イラン指導部は9日、米国とイスラエルの攻撃で死亡した最高指導者ハメネイ師の後継者として、次男のモジタバ師を選出した。 背景には、「殉教者」となったハメネイ師の息子という象徴的"
malaymail_com,236,0,0.0,0,0.0,0.0,5,False,"OSLO, March 8 — Norwegian police reported on Sunday an explosion at the US embassy in the capital Oslo, but said there were no casualties.

The explos"
manager_co_th,500,0,0.0,0,0.0,0.0,5,False,ททท. ดันเทรนด์ Pet Tourism ดึงแก๊งค์ซุปตาร์ขนฟู “Japan and Friends : จุ๊มเหม่ง เจได ใจดี” ปล่อยคอนเทนต์ชวนเที่ยวไทยสไตล์ Pet Parent ในงาน “Amazing Fur
manoramaonline_com,500,0,0.0,0,0.0,0.0,5,False,"Tired of ads ruining your reading? Go Ad-Free Today
35 വർഷം ഗുരുവായൂരപ്പനെ പ്രാർഥിച്ചതിനു കിട്ടിയ ഫലമാണ് ദേവസ്വം ചെയർമാൻ സ്ഥാനമെന്ന് പറയുകയാണ് മുൻ എംഎ"
marca_com,500,0,0.0,0,0.0,0.0,5,False,"LaLiga EA Sports

Laporta carga contra Font: ""Contigo volveríamos a la ruina""

Duración del vídeo:1:43 min.

Laporta carga contra Font: ""Contigo volve"
mathrubhumi_com,500,0,0.0,0,0.0,0.0,1,True,"Choose Edition
Change Mode
E-PAPER
LIVE TV
SUBSCRIPTION
BUY BOOKS
BOOK ADS
CLASSIFIEDS
Premium
Latest News
Videos
Today's Stories
Local News
Prime Vid"
mb_com_ph,43,0,0.0,0,0.0,0.0,2,False,"Relief is coming: Ridon says fuel excise tax suspension to give Pinoys some breathing room

Bicol Saro Party-list Rep. Terry Ridon believes that Filip"
mg_co_za,500,0,0.0,0,0.0,0.0,5,False,"Inkatha Freedom Party president Mangosuthu ButheleziÃ¢â‚¬â„¢s decision to subject his leadership to scrutiny, at a hastily convened special conference"
milenio_com,500,0,0.0,0,0.0,0.0,5,False,Hace siete partidos fue el último triunfo de la Selección Mexicana sobre Estados Unidos y lo hizo con un gran ausente en la actualidad: Javier “Chicha
milliyet_com_tr,338,0,0.0,0,0.0,0.0,5,False,İran-ABD-İsrail savaşı 10. gününde! Trump'tan dünyanın beklediği açıklama: Bence savaş büyük ölçüde bittiİran Uzmanlar Meclisi Gilan Vilayeti Üyesi Se
mingpao_com,310,0,0.0,0,0.0,0.0,5,False,"Welcome
Your personal data will be processed and information from your device (cookies, unique identifiers, and other device data) may be stored by, a"
mk_co_kr,500,0,0.0,0,0.0,0.0,5,False,"사진 확대 KGC인삼공사가 미국 캘리포니아주 애너하임에서 지난 4~6일(현지시간) 열린 '2026 천연식품박람회'에 참가해 한국 홍삼을 선보였다. 정관장은 이번 박람회에서 인삼 재배와 제조 노하우, 연구 기술력을 소개했다. KGC인삼공사 이 기사가 마음에 들었다면, 좋"
naftemporiki_gr,500,0,0.0,0,0.0,0.0,4,False,"Δηλώσεις στους δημοσιογράφους έκανε ο Ντόναλντ Τραμπ αμέσως μετά την ολοκλήρωση της ομιλίας του, απαντώντας σε ερωτήσεις για τις διεθνείς εξελίξεις κα"
napi_hu,379,0,0.0,0,0.0,0.0,5,False,"Amióta itt van ez a gyár, minden csak romlik - Gödieket kérdeztünk a Samsung-ügyről

A Samsung-gyár miatt Göd évek óta nem látott reflektorfényt kapot"
naszemiasto_pl,15,0,0.0,0,0.0,0.0,3,False,"NOWE

„Jesteś naszą legendą"". Co wiecie o Andrzeju Huszczy, ikonie Falubazu Zielona Góra? „Dziękuję za to, że tak mocno mi kibicowaliście""

„Niezniszc"
nation_co_ke,500,0,0.0,0,0.0,0.0,2,False,"Newsletter

Receive today's most important news in your inbox. Every day.

Nation. Empower Africa.

Welcome to our new brand! We come to you in great "
nationalpost_com,187,0,0.0,0,0.0,0.0,5,False,Cluck! Chickens Exposed Photo by CBC Reviews and recommendations are unbiased and products are independently selected. Postmedia may earn an affiliate
nemzetisport_hu,500,0,0.0,0,0.0,0.0,5,False,"A CONI vezető testülete egyhangúlag szavazta meg a kandidálást többek között arra hivatkozva, hogy a közös pályázat költséghatékonyabb rendezést ígér."
nepszava_hu,419,0,0.0,0,0.0,0.0,4,False,"Komoly figyelmeztetés Friedrich Merz kancellárnak, hogy nyertek a Zöldek Baden-Württembergben

Manuel Hagel és a CDU sokáig biztos befutónak tűnt Bade"
newvision_co_ug,64,0,0.0,0,0.0,0.0,5,False,Global oil prices have surged by 40 percent as Iran has choked off the vital sea passage and attacked Gulf energy facilities since US-Israeli strikes 
nikkei_com,500,0,0.0,0,0.0,0.0,5,False,"防衛大校長に吉田圭秀・前統合幕僚長 異例の「制服組」トップ経験者
防衛大校長に吉田圭秀・前統合幕僚長 異例の「制服組」トップ経験者
防衛省は10日、退職する久保文明防衛大学校長の後任に吉田圭秀前統合幕僚長を充てる人事を発表した。4月1日付で就任する。防大校長は学者や官僚出身者が就いてきており、制服組"
novilist_hr,500,0,0.0,0,0.0,0.0,5,False,"Putin i Xi uhvaćeni na mikrofonu kako planiraju živjeti vječno: “Transplantirat će nam organe”

Kad je ruski predsjednik Vladimir Putin u srijedu hoda"
novosti_rs,7,0,0.0,0,0.0,0.0,3,False,"(MAPE) TEMPERATURA IDE I PREKO 20 STEPENI: Tačno ovog dana sve se menja

DO oko 15. marta vreme će biti stabilno i suvo, a sve je više signala da od s"
nrc_nl,500,0,0.0,0,0.0,0.0,5,False,"Wat zijn de journalistieke standaarden van NRC?

Voor het dagelijks handelen van NRC-redacteuren en -medewerkers gelden vier kernwaarden:

Onafhankeli"
nst_com_my,500,0,0.0,0,0.0,0.0,1,True,"LIVE
SUBSCRIBE NOW
LIVE
SUBSCRIBE NOW
Nation
ASEAN
Business Times
Life & Times
Sports
World
Heard The News?
180 Years
More
Opinion
NST TV
NST Podcast
"
nzz_ch,500,0,0.0,0,0.0,0.0,5,False,Die Zürichberg-Sektion der Stadtzürcher SVP sorgt wieder einmal für Schlagzeilen. Im Frühling hatte die Sektion der Kreise 7 und 8 mit Daniel Buchta e
observer_ug,153,0,0.0,0,0.0,0.0,5,False,"“In regards to the ongoing developments I have just highlighted, I would like to say that the future of the railway sector in Kenya is defined, poised"
pagina12_com_ar,369,0,0.0,0,0.0,0.0,5,False,"Contra la destrucción de las Universidades

Los docentes universitarios se preparan para una semana de paro

“Estoy orgulloso de ser el presidente más"
perfil_com,500,0,0.0,0,0.0,0.0,1,True,"Perfil.com - Editorial Perfil S.A. | © Perfil.com 2006-2026 - Todos los derechos reservados.
Editor responsable: Carlos Piro.
Registro de la propiedad"
philstar_com,500,0,0.0,0,0.0,0.0,4,False,"Login

Philstar.com is one of the most vibrant, opinionated, discerning communities of readers on cyberspace. With your meaningful insights, help shap"
pluska_sk,62,0,0.0,0,0.0,0.0,5,False,"Optimistický Trump: Vojna proti Iránu napreduje nad očakávania, koniec je blízko! Americký prezident Donald Trump v pondelok v rozhovore pre televíziu"
politiken_dk,500,0,0.0,0,0.0,0.0,5,False,"Interview

Den nye verdensorden 6. MARTS 2026, 19.24

Fransk atom­forsker: »Man kunne slet ikke forestille sig, at Marine Le Pen eller Jordan Bardella"
portafolio_co,21,0,0.0,0,0.0,0.0,5,False,"ECONOMÍA
Oviedo le pide a Paloma Valencia que se desmarque del expresidente Uribe para poder ser su fórmula vicepresidencial
Brayan Franzua Silva Hern"
pravda_sk,170,0,0.0,0,0.0,0.0,5,False,"Ropa prudko zdražuje a svet sa obáva najhoršieho. Aramco varuje pred katastrofou pre globálnu ekonomiku

Energetika VIDEO FOTO GRAF

Ak by sa narušeni"
publico_pt,500,0,0.0,0,0.0,0.0,1,True,"Olá

Os leitores são a força e a vida dos jornais. Contamos com o seu apoio, .

Os leitores são a força e a vida do PÚBLICO. Obrigado pelo seu apoio."
publimetro_cl,127,0,0.0,0,0.0,0.0,5,False,"La transmisión se realizó desde los estudios del canal, en una edición especial dedicada al jefe de Estado cuando restan pocos días para el cambio de "
punchng_com,500,0,0.0,0,0.0,0.0,5,False,Some opposition candidates who participated in the 2023 presidential election have made an appeal to President Bola Tinubu to consider them for appoin
record_pt,500,0,0.0,0,0.0,0.0,5,False,"Sergio Ramos esteve no dérbi de Milão e Modric dedicou-lhe a vitória: «Perante o capitão tinha de ganhar»

AC Milan derrotou o Inter por 1-0

Golo de "
repubblica_it,354,0,0.0,0,0.0,0.0,5,False,Bruti Liberati: “La legge di Nordio completa e realizza il piano del Cavaliere” di Conchita Sannino (fotogramma) Il giudice ha guidato la procura di M
republika_co_id,500,0,0.0,0,0.0,0.0,5,False,"Selasa , 10 Mar 2026, 12:51 WIB Pembatasan Kendaraan Besar di Tol Cipali Berlaku 13-29 Maret 2026 Selasa , 10 Mar 2026, 10:31 WIB Hindari Macet Saat M"
rp_pl,500,0,0.0,0,0.0,0.0,5,False,"O deszczu śpiewali wszyscy – od Boba Dylana po Madonnę. Prezentujemy ranking mokrych przebojów.

Reklama

Reklama

[srodtytul]Najbardziej deszczoodpor"
sabah_com_tr,500,0,0.0,0,0.0,0.0,4,False,"GÜNDEM
YAŞAM
SAĞLIK
DÜNYA
SEYAHAT
RESMİ İLANLAR
GÜNDEM HABERLERİ
Başkan Erdoğan: ""DEAŞ'vari karanlık yapılara müsamahamız yoktur""
TBMM'de savaş gündem"
scmp_com,500,0,0.0,0,0.0,0.0,5,False,"Hong Kong firms rethink global operations amid Middle East turmoil

Businesses with operations in region say they are looking to Southeast Asia, Europ"
se_pl,500,0,0.0,0,0.0,0.0,2,False,Żaden utwór zamieszczony w serwisie nie może być powielany i rozpowszechniany lub dalej rozpowszechniany w jakikolwiek sposób (w tym także elektronicz
seattletimes_com,3,0,0.0,0,0.0,0.0,3,False,"Share story By Carlos B. Gil Special to The Times JUST when things seemed to be going well for the 2-year-old administration of Enrique Peña Nieto, pr"
segabg_com,15,0,0.0,0,0.0,0.0,1,True,"Медия без
политическа реклама
СИГНАЛ
РЕКЛАМА
Анонимен
ВХОД
Видео
(О)ПОЗИЦИЯ
90 секунди скандал
Видео на деня
Точно сега
Досие
Любопитно
Тук и сега
Наб"
slobodnadalmacija_hr,500,0,0.0,0,0.0,0.0,1,True,"Uz vaš pristanak, mi i naš 986 partneri koristimo kolačiće ili slične tehnologije za pohranu, pristup i obradu osobnih podataka kao što su Vaša posjet"
smh_com_au,500,0,0.0,0,0.0,0.0,5,False,"Tears, terse interactions as officials swoop in to escort Iranians home

As Iranian diplomats escort the women for the remainder of their journey in M"
sol_sapo_pt,10,0,0.0,0,0.0,0.0,1,True,"quarta-feira, 11 mar. 2026
Subscrição
Temas
Médio Oriente
Capas
Entrevistas
Guerra na Ucrânia
Secções
Últimas
Multimédia
Opinião
Política
Sociedade
Ec"
sowetanlive_co_za,61,0,0.0,0,0.0,0.0,5,False,"Kruger United coach Abram Mongoya has hailed the impact of experienced playmaker Ntsako Makhubela on the team since he joined the club in January.

“H"
sozcu_com_tr,277,0,0.0,0,0.0,0.0,1,True,"www.sozcu.com.tr internet sitesinde yayınlanan yazı, haber ve fotoğrafların her türlü telif hakkı Mega Ajans ve Rek. Tic. A.Ş'ye aittir. İzin alınmada"
standaard_be,500,0,0.0,0,0.0,0.0,3,False,"Cookie- en advertentievoorkeuren

Mediahuis en zijn partners verzamelt met cookies informatie over je apparaat, browser, locatie en surfgedrag. Deze d"
standardmedia_co_ke,500,0,0.0,0,0.0,0.0,3,False,"New push to promote dignity in Kenya's coffee trade

Since its introduction in 1893, coffee has remained a key Kenyan export, supporting around 1.5 mi"
standartnews_com,21,0,0.0,0,0.0,0.0,5,False,"Кризата с горивата! ДПС с пакет от мерки за бизнеса (ОБЗОР)

Внася ги веднага, за да залегнат в удължителния бюджет

Станислав Анастасов с разкритие! "
straitstimes_com,500,0,0.0,0,0.0,0.0,5,False,"Sign up now: Get ST's newsletters delivered to your inbox

Chew Hui Min

SINGAPORE - Chances are, your walls are coated with Nippon paint, but unlike "
sueddeutsche_de,500,0,0.0,0,0.0,0.0,5,False,"Bundesnachrichtendienst

:Die Rückkehr der Spione

Der neue BND-Chef Martin Jäger baut seine Behörde radikal um. Der Dienst soll mehr und schneller In"
sunstar_com_ph,500,0,0.0,0,0.0,0.0,5,False,Regulatory safeguards and market protection mechanisms remain in place to protect consumers in case erring power generation firms take advantage of th
svd_se,500,0,0.0,0,0.0,0.0,5,False,"”Vivian Maier kom från Frankrike till New York i början av 1930-talet, där hon som 11-12-åring jobbade i en fabrik. Hon var katolik eller snarare, ant"
tagesanzeiger_ch,120,0,0.0,0,0.0,0.0,5,False,"Zürcher SteuertelefonHaben Sie Fragen zu Ihrer Steuererklärung?
Expertinnen und Experten von Treuhand Suisse geben unseren Leserinnen und Lesern telef"
taipeitimes_com,190,0,0.0,0,0.0,0.0,5,False,"Taiwan to have highest anti-ship missile density

DETERRENCE: With 1,000 indigenous Hsiung Feng II and III missiles and 400 Harpoon missiles, the nati"
tanea_gr,500,0,0.0,0,0.0,0.0,5,False,"στις εννέα

Κάθε βράδυ, στις 21:00, από Δευτέρα μέχρι Παρασκευή, στο mail σας όλες οι σημαντικές ειδήσεις της ημέρας.

Οι αρθρογράφοι των ΝΕΩΝ αναλύου"
telegraaf_nl,500,0,0.0,0,0.0,0.0,4,False,"Naast voet Yoran (16) ook voet vermiste Marijke (75) gevonden in Dordtse Kil

In de rivier de Dordtse Kil bij Dordrecht zijn niet alleen lichaamsreste"
telegraf_rs,500,0,0.0,0,0.0,0.0,2,False,"Naslovna
Najnovije
Vesti
Sport
Biznis
eKlinika
Ona
Jetset
Nauka
Hi-Tech
Kultura
Politika
Aero
Ubrzanje
Plantbased
Ljubimci
Zanimljivosti
Auto
English
"
thairath_co_th,500,0,0.0,0,0.0,0.0,5,False,"ข่าว
วิดีโอ
หนังสือพิมพ์
ไทยรัฐทีวี
ไลฟ์สไตล์
กีฬา
บันเทิง
ดวง
หวย
นิยาย
ช็อปปิ้ง
MONEY
MIRROR
THAIRATH +
LIVE"
theage_com_au,500,0,0.0,0,0.0,0.0,5,False,"Iranian woman granted visa to stay in Australia decides to return to Iran

One of the two women granted a humanitarian visa last to stay in Australia "
theaustralian_com_au,0,0,0.0,0,0.0,0.0,0,False,
theeastafrican_co_ke,500,0,0.0,0,0.0,0.0,2,False,"Your personal data will be processed and information from your device (cookies, unique identifiers, and other device data) may be stored by, accessed "
theglobeandmail_com,500,0,0.0,0,0.0,0.0,5,False,Former Secretary of State Hillary Clinton is testifying before U.S. House lawmakers in New York as part of a congressional investigation into convicte
theguardian_com,500,0,0.0,0,0.0,0.0,5,False,"I once cared for a patient for 10 years, which is a pleasingly long time in oncology. Alas, the years didn’t bond us. I found her, in turns, combative"
thehindu_com,500,0,0.0,0,0.0,0.0,1,True,"The View From India Looking at World Affairs from the Indian perspective.

First Day First Show News and reviews from the world of cinema and streamin"
thejakartapost_com,500,0,0.0,0,0.0,0.0,5,False,"To support the distribution of consumer goods in the country, PT Indonesia Distribution Hub launched an application, IDH.id. The application has been "
thenationonlineng_net,500,0,0.0,0,0.0,0.0,5,False,"Tinubu leads national tributes as sports community mourns Onigbinde

The Nigerian sporting world is in a state of profound mourning following the pass"
theonion_com,500,0,0.0,0,0.0,0.0,4,False,"Become A Member. Get The Paper.
Wednesday, March 11, 2026
29°
Dreary until March
America’s Finest News Source
Free Your Wallet. Shop The Onion Store.
"
thestar_com,468,0,0.0,0,0.0,0.0,5,False,"Home News World World The top photos of the day by AP’s photojournalists From front-page news to powerful moments you may have missed, this gallery sh"
thestar_com_my,500,0,0.0,0,0.0,0.0,3,False,"BAM send warning to clubs falsely claiming affiliation
Big Smile, No Teeth: Breaking or broken news?
Hip-hop star Jay Park to make AIA Hyrox Singapore"
thisdaylive_com,500,0,0.0,0,0.0,0.0,1,True,"Founded on January 22, 1995, THISDAY is published by THISDAY NEWSPAPERS LTD., 35 Creek Road Apapa, Lagos, Nigeria with offices in 36 states of Nigeria"
timeslive_co_za,170,0,0.0,0,0.0,0.0,5,False,"1906 — Maitland Hathorn scores 102 on the opening day of the third Test against England at Old Wanderers.

1970 — Mike Procter takes 6/73 as South Afr"
tnp_sg,500,0,0.0,0,0.0,0.0,5,False,"AsiaOne Dec 2, 2016

A young woman from Britain recently ripped off her cornea while removing the contact lenses she had worn for over 10 hours.

In t"
todayonline_com,500,0,0.0,0,0.0,0.0,2,False,"We know it's a hassle to switch browsers but we want your experience with CNA to be fast, secure and the best it can possibly be.
To continue, upgrade"
topky_sk,500,0,0.0,0,0.0,0.0,4,False,"Mimovládky chcú hovoriť do zákonov: Žiadajú účasť na príprave legislatívy a rokovania s vládou

BRATISLAVA - Mimovládne neziskové organizácie (MNO) sa"
tovima_gr,500,0,0.0,0,0.0,0.0,5,False,"Πρόωρες εκλογές; Τι αλλάζει στις δημοσκοπήσεις, τι μετρά το Μαξίμου

Η ΝΔ κερδίζει μονάδες στις δημοσκοπήσεις, το Μαξίμου κρατά στάση αναμονής – Τι λέ"
trib_com,500,0,0.0,0,0.0,0.0,3,False,"Class 4A
k9bm%9FCD52J\uC:52Jk^9bm
kAmkDEC@?8m2E v:==6EE6k^DEC@?8mk^Am
kAmkDEC@?8mv:C=Dk^DEC@?8mk^Am
kAmkDEC@?8m%tp|ik^DEC@?8m %9F?56C q2D:? `bc[ {2C2>"
udn_com,500,0,0.0,0,0.0,0.0,5,False,"作者 徐曉強
2026/03/11
作者 轉角說
作者 陳威臣
2026/03/10
作者 十一
2026/03/09
作者 張郁婕
作者 鄭勁節
2026/03/06
作者 李烈寬
作者 曹雨昕
2026/03/04"
usatoday_com,500,0,0.0,0,0.0,0.0,5,False,"Trump's dominance over GOP reaffirmed in Georgia special election
Elections
USA baseball team suddenly faces WBC elimination after stunning loss
WBC
S"
utusan_com_my,500,0,0.0,0,0.0,0.0,1,True,"Hak cipta terpelihara © 2026 Media Mulia Sdn Bhd 201801030285 (1292311-H)

Satu lagi produk Media Mulia Sdn. Bhd."
valor_com_br,500,0,0.0,0,0.0,0.0,5,False,"O volume de chuva que atinge Porto Alegre desde sexta-feira (22) já superou, em algumas regiões, o total previsto para todo o mês. No Estado, segundo "
vancouversun_com,120,0,0.0,0,0.0,0.0,5,False,"A meteor burns up in the sky north of Kuwait City on Dec. 15, 2023. Photo by YASSER AL-ZAYYAT / AFP via Getty Images Article content A brilliant meteo"
vanguardngr_com,54,0,0.0,0,0.0,0.0,2,False,"ADC leadership intact after Appeal Court ruling — Party

The clarification came in a statement by the ADC’s National Publicity Secretary, Bolaji Abdul"
vecernji_hr,500,0,0.0,0,0.0,0.0,5,False,"NAKON DANAŠNJEG NAPADA NA POLICAJCE

Ubojica iz Gospića jak je, visok skoro dva metra, još se pamti da ga je jednom moralo savladavati ček sedam inter"
vg_no,500,0,0.0,0,0.0,0.0,4,False,"(VG Nett) Politiet, brann- og helsevesenet skriker etter et nytt nødnett for å kunne hjelpe deg og meg bedre i ulykker. Men ett og et halvt år etter a"
welt_de,500,0,0.0,0,0.0,0.0,5,False,"Margot Friedländer wurde 1921 in Berlin geboren, lebte im Untergrund und wurde nach Theresienstadt deportiert. Im Gespräch mit Mathias Döpfner bericht"
wenweipo_com,500,0,0.0,0,0.0,0.0,5,False,"搜索
媒體矩陣
爆料專線
文匯報
香港仔
海外版
首頁
香港
神州
灣區人
經濟
國際
評論
視頻
軍事
文化
娛樂
生活
教育
體育
科技
專題
專欄
圖集
地方聯播
匯周刊
下載客戶端
登錄
個人中心
退出登錄
首頁
香港
神州
灣區人
經濟
國際
評論
視頻
軍事
文化
娛樂
生活
教育
體育"
yomiuri_co_jp,500,0,0.0,0,0.0,0.0,5,False,［リポートｆｒｏｍスクール］読まなくなった本 再利用探る…相模原市立上溝小学校 2026/03/04 05:00 [読者会員限定] 「読者会員」「読者会員（家族）」限定です ログインして閲覧 読売新聞の購読者は、「読者会員」「読者会員（家族）」登録をしていただくと閲覧できます。（登録・利用料無料） 
zaobao_com_sg,500,0,0.0,0,0.0,0.0,5,False,齐达内在首次以皇马主帅身份出席的记者会上说：我们的目标只有一个，那就是胜利。我们还有两项比赛有机会夺取奖杯，我们将尽最大努力，为球队赢得锦标。 （马德里综合电）皇家马德里（Real Madrid）名宿齐达内（Zidane）出任球队主帅后的首堂训练课，吸引了5000名球迷入场观看。这名深受皇马球迷爱戴
zeit_de,500,0,0.0,0,0.0,0.0,5,False,"""Ich, will gern als Minister ohne Portefeuille das Kabinett auf Cocktailpartys vertreten.""

nach der FIBAG-Debatte

""Es ist viel einfacher, sich als C"
aawsat_com,500,0,0.0,0,0.0,0.0,5,False,كشفت الجلسات القضائية لمحاكمة خلية التجسس الإيرانية، في السعودية، عن استخدام الاستخبارات الإيرانية رجل أمن يعمل في القوات الخاصة بأمن الحج والعمرة، لخ
aif_ru,500,0,0.0,0,0.0,0.0,4,False,"1. Общие положения Конкурсов aif.ru:
1.1. Конкурсы aif.ru (далее — Конкурсы) проводятся Закрытым акционерным обществом «Аргументы и факты» (далее — Ор"
albayan_ae,500,0,0.0,0,0.0,0.0,5,False,لبرنامج «المندوس» مكانة خاصة في قلوب الجمهور، لا سيما أولئك الذين اعتادوا حضوره ضمن المشهد الرمضاني عاماً بعد عام، حيث يلتقي الإعلامي عبدالله إسماعيل 
alwafd_news,500,0,0.0,0,0.0,0.0,1,True,"الإثنين 09 مارس 2026
الجريدة الورقية
facebook
twitter
youtube
instagram
rss feed
رئيس حزب الوفد ورئيس مجلس الإدارة
د. السيد البدوي شحاتة
رئيس مجلس الت"
arabnews_com,332,0,0.0,0,0.0,0.0,4,False,"Cookies, device or similar online identifiers (e.g. login-based identifiers, randomly assigned identifiers, network based identifiers) together with o"
azzaman_com,500,0,0.0,0,0.0,0.0,1,True,"بحث
اتصل بنا
أرشيف PDF
هيئــــــــة التحــــــــــرير
شروط استخدام الموقع
جميع الحقوق محفوظة
فيسبوك
تويتر
RSS
Azzaman
الرئيسية
الاولى
اخبار
طبعة العرا"
bukedde_co_ug,500,0,0.0,0,0.0,0.0,5,False,"THE NEXT POWERBALL Jackpot for Tuesday 04/11/2025 is ESTIMATED at UGX 1.2 BILLION

Here are #dividends for the #POWERBALL draw on Friday 31/10/2025."
busiweek_com,500,0,0.0,0,0.0,0.0,5,False,"TOP 10 토토사이트를 선택해야 하는 이유 – 스포츠 종목 및 베팅 방법 소개
마지막 업데이트 :
2026년 02월 18일
오늘날 스포츠 베팅 플랫폼은 뛰어난 기술을 바탕으로 다수의 플레이어를 위한 최적의 환경을 조성하고 있어 높은 평가를 받고 있습니다. 이때, 좋은"
capitalethiopia_com,500,0,0.0,0,0.0,0.0,4,False,"To subscribe, simply enter your email address on our website or click the subscribe button below. Don't worry, we respect your privacy and won't spam "
ce_cn,22,0,0.0,0,0.0,0.0,5,False,“国家账本”显示，2026年继续实施更加积极的财政政策，“更加积极”既体现在扩大资金规模上，更体现在提高资金使用效益上。粤开证券首席经济学家罗志恒认为，今年的新增政府债券规模和支出规模等创新高，必要的支出强度有利于稳定总需求，以支持经济和民生目标的实现。财政政策的“更加积极”不仅体现在支出强度方面，
chinadaily_com_cn,500,0,0.0,0,0.0,0.0,2,False,"Copyright 1994 - . All rights reserved. The content (including but not limited to text, photo, multimedia information, etc) published in this site bel"
dailyguidenetwork_com,500,0,0.0,0,0.0,0.0,5,False,Ms. Paulina Rozycka (3rd L) with some EU members and other grantees   The European Union (EU) has launched a €2.4 million forest restoration initiativ
dailyinqilab_com,500,0,0.0,0,0.0,0.0,5,False,"ভোটের সময় নয়, ফল ঘোষণার আগেই ইঞ্জিনিয়ারিং হয়েছে গত ১২ ফেব্রুয়ারির ত্রয়োদশ জাতীয় সংসদ নির্বাচনের ফলাফল নিয়ে গুরুতর প্রশ্ন তুলেছেন বাংলাদেশ জামায়াতে ইসল"
dailynayadiganta_com,500,0,0.0,0,0.0,0.0,5,False,"আন্তর্জাতিক
ইসরাইলের দিকে আরো ক্ষেপণাস্ত্র নিক্ষেপ করেছে ইরান
ইরান থেকে ছোড়া ক্ষেপণাস্ত্রগুলো ভূপাতিত করার চেষ্টা করছে দেশটির সেনাবাহিনী।
৪ ঘণ্টা আগে
"
dailynewsegypt_com,500,0,0.0,0,0.0,0.0,4,False,"Spain calls for de-escalation, return to diplomacy in Middle East: Ambassador

Sergio Román Carranza Förster, Spain’s ambassador to Egypt, stressed th"
dailypakistan_com_pk,500,0,0.0,0,0.0,0.0,5,False,"برج حمل ، سیارہ مریخ، 21 مارچ سے 20 اپریل

مالی حالات میں آج کچھ بہتری کی امید ہے جس موقع کی تلاش میں تھے وہ شاہد آج ہی مل جائے اور ایک بڑی رکاوٹ بھی "
dailytimes_com_pk,500,0,0.0,0,0.0,0.0,3,False,"Pakistan

Schools go online amid Middle East war-driven oil crisis

Some schools in Pakistan shifted to online learning this week as authorities intro"
dawn_com,14,0,0.0,0,0.0,0.0,5,False,"Islamabad police release Aurat March activists a day after detention; probe demanded into ‘manhandling’ of detainees

“Females were manhandled and bea"
echoroukonline_com,500,0,0.0,0,0.0,0.0,3,False,الرأي هل تُؤجَّل كأس العالم 2026؟ ياسين معلومي 2026/03/07 500 0 في وقت تسابِق المنتخبات المتأهلة الزمن من أجل إيجاد مباريات ودية في تواريخ “الفيفا” لش
elbilad_net,364,0,0.0,0,0.0,0.0,5,False,"Vendors can use your data to provide services. Declining a vendor can stop them from using the data you shared.
Exponential Interactive, Inc d/b/a VDX"
eldeber_com_bo,500,0,0.0,0,0.0,0.0,5,False,El informe final de la gestión 2025 se realizó en la ciudad de Sucre con la presencia de autoridades del sistema judicial y representantes institucion
eldiario_net,495,0,0.0,0,0.0,0.0,5,False,"Cookies, device or similar online identifiers (e.g. login-based identifiers, randomly assigned identifiers, network based identifiers) together with o"
elheraldo_hn,500,0,0.0,0,0.0,0.0,5,False,"Día Internacional de la Mujer

El proyecto trabajó para aumentar y cualificar la participación ciudadana y la incidencia política de las mujeres, prom"
elkhabar_com,500,0,0.0,0,0.0,0.0,5,False,&nbsp;يوصف زيت الزيتون غالبا بأنه الذهب السائل، وهو مكون أساسي في النظام الغذائي لمنطقة البحر الأبيض المتوسط، والذي تم تصنيفه كأفضل نظام غذائي بشكل عا
eltelegrafo_com_ec,500,0,0.0,0,0.0,0.0,4,False,"Presidente Daniel Noboa envía proyecto de ley para incentivar la construcción de viviendas
La Asamblea Nacional tendrá 30 días para revisar el texto y"
eluniverso_com,500,0,0.0,0,0.0,0.0,4,False,"Según el Art. 60 de la Ley Orgánica de Comunicación, los contenidos se identifican y clasifican en: (I), informativos; (O), de opinión; (F), formativo"
english_ahram_org_eg,500,0,0.0,0,0.0,0.0,1,True,"Cookies, device or similar online identifiers (e.g. login-based identifiers, randomly assigned identifiers, network based identifiers) together with o"
ennaharonline_com,500,0,0.0,0,0.0,0.0,5,False,"الوطني أمطار رعدية على هذه الولايات اليوم بقلم عايدة.ع نشر
                                        في 08 مارس 2026 - 07:09 تحديث
                     "
ethiopianreporter_com,460,0,0.0,0,0.0,0.0,1,True,"ሪፖርተር ጨረታ

https://www.reportertenders.com

ሪፖርተር ስራ

https://www.ethiopianreporterjobs.com

ሪፖርተር እንግሊዝኛ

https://www.thereporterethiopia.com/

ሪፖርተር"
expreso_ec,416,0,0.0,0,0.0,0.0,4,False,"La Cámara de Comercio de Quito reconoce la trayectoria de Juan Pablo Eljuri

La entidad destacó su carrera empresarial marcada por ""su visión estratég"
fakty_ua,225,0,0.0,0,0.0,0.0,2,False,"19:52

Рік без примусової мобілізації: Зеленський підписав закон для молоді

218

19:45

Скандал із затриманням інкасаторів «Ощадбанку»: що призвело д"
gazeta_ua,285,0,0.0,0,0.0,0.0,3,False,"Всі права на матеріали, які містить цей сайт, охороняються у відповідності із законодавством України, в тому числі, про авторське право і суміжні прав"
ghanaiantimes_com_gh,374,0,0.0,0,0.0,0.0,1,True,"Menu
Search for
Switch skin
Home
News
Politics
Business
Sports
Crime
Africa
More
World
Education
Editorial
Features
Lifestyle
Technology
Gallery
Conta"
globes_co_il,500,0,0.0,0,0.0,0.0,2,False,"חיפוש ב
כתבות
ני""ע
חפש
הסוף לשלטון האייתוללות? מה צריך כדי שזה יוכל להתממש
למילים יש ערך: דוח האמון השישי של גלובס
ראשי
גלובס פיננסי
כל הכותרות
שוק הה"
gulfnews_com,500,0,0.0,0,0.0,0.0,5,False,"For 39 days, elections were held in India for the 17th Lok Sabha (Lower House) of the Indian parliament. This election will decide the next ruling gov"
haaretz_co_il,500,0,0.0,0,0.0,0.0,5,False,מארחים לעל האש/בראנץ' ורוצים לפנק במנה קצת יותר מיוחדת לצד הסלטים הקבועים? כזו שלוקח כמה דקות בודדות עד להגשתה לשולחן? טוען...
habarileo_co_tz,500,0,0.0,0,0.0,0.0,5,False,"RAIS wa Uganda, Yoweri Museveni, ameteuliwa kuwa Mwenyekiti mpya wa Jumuiya ya Afrika Mashariki (EAC) kwa kipindi cha mwaka mmoja…
Soma Zaidi »Kimatai"
jang_com_pk,200,0,0.0,0,0.0,0.0,5,False,"Samsung is likely to release its Galaxy Watch 9 and the Galaxy Watch Ultra 2 in the summer season with a significant upgrade.

A recent report suggest"
jpost_com,500,0,0.0,0,0.0,0.0,5,False,"By NEVILLE TELLER MARCH 9, 2026 20:00 Justifiable though the February 28 US-Israeli pre-emptive strike on Iran may have been on moral, humanitarian, s"
khaleejtimes_com,500,0,0.0,0,0.0,0.0,5,False,"At least 92 militants were killed on Saturday battling Pakistan's security forces in multiple cities across the southwestern province of Balochistan, "
kp_ru,500,0,0.0,0,0.0,0.0,5,False,"ФИФА поставила точку в вечном споре между Кержаковым и Дзюбой
Кержаков опубликовал ответ ФИФА по спорному голу в вопросе с рекордом Дзюбы
Бывший напад"
kyivpost_com,500,0,0.0,0,0.0,0.0,3,False,"The First Lady of Ukraine, Olena Zelenska, gave an interview to the CNA TV channel of the Singapore national broadcaster Mediacorp, in which she comme"
la-razon_com,500,0,0.0,0,0.0,0.0,5,False,"Trump proclama ofensiva contra cárteles y pide acciones a aliados

El presidente de Estados Unidos anunció una estrategia regional para desmantelar or"
laprensa_hn,476,0,0.0,0,0.0,0.0,5,False,"NUESTRO MEDIO PROTEGE A SUS USUARIOS A. CONDICIONES GENERALES Y SU ACEPTACIÓN El Usuario previo a la utilización del servicio de Grupo Opsa, conforme "
laprosperiteonline_net,22,0,0.0,0,0.0,0.0,5,False,"Le Collectif Pour l’UDPS Originelle mène sans relâche le combat pour la réconciliation des membres de la Grande Famille UDPS afin de soutenir, dans l’"
lephareonline_net,6,0,0.0,0,0.0,0.0,5,False,"Transition au Centre Lindonge

La transition de leadership au Centre Lindonge à Kinshasa a été décrite comme un moment institutionnel émotionnel,...

"
lesoftonline_net,34,0,0.0,0,0.0,0.0,3,False,"Le Vice-premier ministre en charge de l'Économie nationale Daniel Mukoko Samba s'exprime. Le Soft International n°1659, lundi, 2 mars 2026, Kinshasa-P"
lesoleil_sn,500,0,0.0,0,0.0,0.0,5,False,"À l’approche de l’installation de la 15e législature, les députés de la 14e législature sont sommés de rendre leurs véhicules officiels au plus tard l"
lostiempos_com,295,0,0.0,0,0.0,0.0,1,True,"La instancia legislativa determinó archivar la iniciativa tras advertir fallas de técnica legislativa, posibles vulneraciones constitucionales y falta"
mk_ru,470,0,0.0,0,0.0,0.0,5,False,"Ошибка 404 - Страница не найдена
Что случилось?
- Скорее всего, вы перешли по неработащей ссылке
- Возможено, адрес страницы набран с ошибкой
- Либо, "
mmbiztoday_com,500,0,0.0,0,0.0,0.0,5,False,"Leader of Tatmadaw Information Team, Major General Zaw Min Tun confirmed during the press conference held on 19 May that mobile phone importers will r"
mwananchi_co_tz,164,0,0.0,0,0.0,0.0,1,True,"Cookies, device or similar online identifiers (e.g. login-based identifiers, randomly assigned identifiers, network based identifiers) together with o"
okaz_com_sa,500,0,0.0,0,0.0,0.0,5,False,"فيديو.. كيف تكتسب الذكاء المالي؟
كشف خبراء اقتصاد، منهم وارين بافيت، وروبرت كيوساكي 6 خطوات لاكتساب الذكاء المالي، هي:
- السيطرة على الإنفاق وعدم الان"
opinion_com_bo,500,0,0.0,0,0.0,0.0,5,False,"Murillo envía carta a Paz, se declara perseguido político y le pide auditar los procesos en su contra

REDACCIÓN

El exministro de gobierno durante el"
people_com_cn,500,0,0.0,0,0.0,0.0,2,False,"人民日报社概况 | 关于人民网 | 报社招聘 | 招聘英才 | 广告服务 | 合作加盟 | 供稿服务 | 数据服务 | 网站声明 | 网站律师 | 信息保护 | 联系我们

人民日报违法和不良信息举报电话：010-65363263 举报邮箱：jubao@people.cn

人民网服务邮箱：kf@p"
prothomalo_com,500,0,0.0,0,0.0,0.0,5,False,"এ টি এম শামসুজ্জামান কোলাজ ‘সারা জীবন শুধু টাকার জন্যই অভিনয় করে গেছি। এতে সৃষ্টিশীলতা ছিল না, মাথায় সব সময় খাওয়া-পরার চিন্তা ছিল। যদি আরেক জনম পেতাম,"
saudigazette_com_sa,500,0,0.0,0,0.0,0.0,5,False,JEDDAH — King Abdulaziz International Airport (KAIA) in Jeddah urged passengers to check with their airlines to confirm flight operations due to the o
thebftonline_com,500,0,0.0,0,0.0,0.0,5,False,"If earlier discussions in this series questioned the wisdom of excessive centralization, the next logical step is to examine how organizations might r"
thechronicle_com_gh,500,0,0.0,0,0.0,0.0,1,True,"Sign in

Welcome! Log into your account

your username

your password

Password recovery

Recover your password

your email

A password will be e-mail"
thedailystar_net,500,0,0.0,0,0.0,0.0,5,False,"From Awareness to Action: Building Safer Digital Spaces for Women
8 March 2026, 01:24 AM
Roundtables
Closing Policy Gaps to Unlock Climate Finance for"
thenational_ae,100,0,0.0,0,0.0,0.0,5,False,A UAE humanitarian initiative aiming to deliver a critical lifeline to five million children at risk of hunger across the globe raised more than Dh1 b
thenews_com_pk,199,0,0.0,0,0.0,0.0,5,False,"Logan Paul just claimed that the WWE is banning him from boxing NFL players.

The 30-year-old YouTuber turned professional wrestler had laid out 1 mil"
thestatesmanonline_com,89,0,0.0,0,0.0,0.0,5,False,"Official website: https://snaptrader-ai.in/ As a private crypto investor, I’ve learned that the most valuable insights rarely come from official prese"
tiempo_hn,500,0,0.0,0,0.0,0.0,5,False,"INM tras el rastro de permisos otorgados a ciudadanos chinos
Viceministro de Salud denuncia irregularidades en construcción del Hospital del Sur
¿Ya c"
tienphong_vn,500,0,0.0,0,0.0,0.0,5,False,"Lực lượng chủ lực ta đã tập trung được khoảng 250.000 quân với 15 sư đoàn, 14 trung đoàn bộ binh (được tổ chức thành 5 quân đoàn và tương đương) cùng "
today_almasryalyoum_com,500,0,0.0,0,0.0,0.0,5,False,"أحدث الأخبار
10-03-2026 14:05
لأول مرة.. إتاحة استخراج السجل التجارى من مكاتب البريد (تفاصيل)
10-03-2026 13:54
وزير الصناعة لرجال الأعمال: «العيب فينا"
tuoitre_vn,500,0,0.0,0,0.0,0.0,5,False,"HÀ ĐÀO

10/03/2026

Israel đang đánh chặn các tên lửa phóng đến từ Iran, trong khi thủ đô Tehran đã hứng chịu các cuộc không kích dữ dội trong đêm.

T"
uzhurriyat_uz,500,0,0.0,0,0.0,0.0,5,False,"Ўзбекистон Республикаси Президентининг ФАРМОНИ. 8 март – Халқаро хотин-қизлар куни муносабати билан мукофотлаш тўғрисида
Мамлакатимизда мўътабар аёл з"
ycwb_com,500,0,0.0,0,0.0,0.0,5,False,"- 知名女歌手Ella演唱会展示“真空腹”，医生提醒：不要轻易模仿！
- 河南一6个月大的宝宝查出散光，竟是因父母陪睡时玩手机，妈妈懵了：我以为他闭眼就没事；医生提醒
- 告别“水手”“汗人”！全国首个多汗症微创中心在省二医成立
- 体检中心变身健康潮玩地！这家医院把健康玩明白了
- 《改良三药方案"
ynet_co_il,500,0,0.0,0,0.0,0.0,3,False,"מבזקים
דווחו לנו
חיפוש
ראשי
ידיעות+
חדשות
פודקאסטים
כלכלה
ספורט
תרבות
רכילות
בריאות
רכב
דיגיטל
לאשה
אוכל
נדל""ן
אנרגיה
עוד
מנויים
ידיעות+
ידיעות מנויים"
5plus_mu,10,0,0.0,0,0.0,0.0,1,True,"Plus de 30 ans après sa création, entre aventure et passion, 5-Plus dimanche affiche une bonne santé et est un support incontournable sur le marché du"
fijisun_com_fj,332,0,0.0,0,0.0,0.0,5,False,"More than 20 visits between Fiji and China took place last year, including exchanges between sister cities.

Stakeholders gather in Suva to shape a po"
fijitimes_com,500,0,0.0,0,0.0,0.0,5,False,"Acting Attorney-General Siromi Turaga stood before Parliament this week and assured the nation that the constitutional review process will be “lawful,"
fijitimes_com_fj,500,0,0.0,0,0.0,0.0,5,False,"Acting Attorney-General Siromi Turaga stood before Parliament this week and assured the nation that the constitutional review process will be “lawful,"
guyanachronicle_com,500,0,0.0,0,0.0,0.0,5,False,"A DJ accused of inciting a brutal sexual assault at Raghoo’s Bar has been committed to stand trial, while his

A TWENTY-eight-year-old man pleaded gui"
jamaica-gleaner_com,135,0,0.0,0,0.0,0.0,5,False,"Nightmare at home

Their home is no longer a sanctuary – it’s a prison of fear. At any moment, their mentally ill relative could strike and, for Sharo"
jamaica-star_com,500,0,0.0,0,0.0,0.0,5,False,"A man was killed and his brother hospitalised after two board dwellings on Jones Avenue in Spanish Town, St Catherine, were razed in a suspected arson"
jamaicaobserver_com,500,0,0.0,0,0.0,0.0,5,False,"Latest News, ...

Tyrice Taylor became the second Jamaican in three years to win the men’s 800m NCAA indoor title on Saturday, winning the final in a "
kaieteurnewsonline_com,442,0,0.0,0,0.0,0.0,5,False,"Freedom of speech is our core value at Kaieteur News. If the letter/e-mail you sent was not published, and you believe that its contents were not libe"
lexpress_mu,500,0,0.0,0,0.0,0.0,4,False,"Rentrée parlementaire

Chagos, sécurité et économie au cœur des débats

15 mars 2026 13:00

Après une pause de près de trois mois, l’Assemblée nationa"
maldivesindependent_com,500,0,0.0,0,0.0,0.0,5,False,"Politics

Referendum battle lines drawn as opposition launches ""no"" campaign

The key arguments from both sides ahead of the April 4 vote.

09 Mar, 15"
mauritiustimes_com,324,0,0.0,0,0.0,0.0,5,False,"Latest News
Download – Mauritius Times Friday 6 March 2026
Read More
Society
By Nita Chicooree-Mercier Let us not begin International Women’s Day with"
miadhu_mv,158,0,0.0,0,0.0,0.0,4,False,ޚަބަރު | 15/03/2026 ބޯޓު ދަތުރުފަތުރުގެ ސަލާމަތީ ކަންކަން ހަރުދަނާކުރުމަށް އާ އިސްލާހުތަކެއް ތައާރަފުކޮށްފި
postcourier_com_pg,500,0,0.0,0,0.0,0.0,5,False,"Supporters from Western Province, Central Province and the National Capital District turned out in large numbers at Sir John Guise Stadium to witness "
stabroeknews_com,500,0,0.0,0,0.0,0.0,5,False,"Cost oil audit from 2019 still unresolved

-Guyana moving for arbitration Nearly three years after the Sunday Stabroek broke the news that this countr"
thenational_com_pg,500,0,0.0,0,0.0,0.0,4,False,"Nation

Bill tabled to protect rights of customary landowners

THE Special Parliamentary Committee on Customary Land and Land Reforms has proposed a b"
