source,country,group,time_period,k,n
20min.ch,Switzerland,Europe,2024,0,1
20min.ch,Switzerland,Europe,2025,0,8
24sata.hr,Croatia,Europe,2021,12,28
24sata.hr,Croatia,Europe,2022,0,3
24sata.hr,Croatia,Europe,2023,1,2
24sata.hr,Croatia,Europe,2024,2,3
24sata.hr,Croatia,Europe,2025,1,1
aamulehti.fi,Finland,Europe,2025,0,2
aawsat.com,Saudi Arabia,Asia,2021,179,729
aawsat.com,Saudi Arabia,Asia,2022,201,779
aawsat.com,Saudi Arabia,Asia,2023,194,642
aawsat.com,Saudi Arabia,Asia,2024,145,484
aawsat.com,Saudi Arabia,Asia,2025,115,315
abc.es,Spain,Europe,2021,23,161
abc.es,Spain,Europe,2022,8,38
abc.es,Spain,Europe,2023,49,351
abc.es,Spain,Europe,2024,151,850
abc.es,Spain,Europe,2025,165,1064
abola.pt,Portugal,Europe,2023,0,3
ad.nl,Netherlands,Europe,2021,17,394
ad.nl,Netherlands,Europe,2022,19,393
ad.nl,Netherlands,Europe,2023,9,123
ad.nl,Netherlands,Europe,2024,8,70
ad.nl,Netherlands,Europe,2025,12,61
adevarul.ro,Romania,Europe,2021,11,29
adevarul.ro,Romania,Europe,2022,7,26
adevarul.ro,Romania,Europe,2023,2,18
adevarul.ro,Romania,Europe,2024,0,1
adevarul.ro,Romania,Europe,2025,0,1
aftonbladet.se,Sweden,Europe,2021,1,1
aftonbladet.se,Sweden,Europe,2022,0,4
aftonbladet.se,Sweden,Europe,2023,3,4
aftonbladet.se,Sweden,Europe,2024,4,11
aftonbladet.se,Sweden,Europe,2025,3,17
aif.ru,Russia,Europe,2021,31,231
aif.ru,Russia,Europe,2022,27,107
aif.ru,Russia,Europe,2023,50,212
aif.ru,Russia,Europe,2024,29,137
aif.ru,Russia,Europe,2025,38,158
aksam.com.tr,Turkey,Asia,2021,120,520
aksam.com.tr,Turkey,Asia,2022,93,504
aksam.com.tr,Turkey,Asia,2023,93,530
aksam.com.tr,Turkey,Asia,2024,58,408
aksam.com.tr,Turkey,Asia,2025,64,507
albayan.ae,United Arab Emirates,Asia,2021,141,989
albayan.ae,United Arab Emirates,Asia,2022,224,1433
albayan.ae,United Arab Emirates,Asia,2023,206,1659
albayan.ae,United Arab Emirates,Asia,2024,86,805
albayan.ae,United Arab Emirates,Asia,2025,78,591
almadapaper.net,Iraq,Asia,2021,26,41
almadapaper.net,Iraq,Asia,2022,50,96
almadapaper.net,Iraq,Asia,2023,68,134
almadapaper.net,Iraq,Asia,2024,67,142
almadapaper.net,Iraq,Asia,2025,67,108
almasryalyoum.com,Egypt,Africa,2021,39,150
almasryalyoum.com,Egypt,Africa,2024,53,289
almasryalyoum.com,Egypt,Africa,2025,100,468
alriyadh.com,Saudi Arabia,Asia,2023,10,85
alriyadh.com,Saudi Arabia,Asia,2024,80,339
alriyadh.com,Saudi Arabia,Asia,2025,26,148
alwafd.news,Egypt,Africa,2021,3,56
alwafd.news,Egypt,Africa,2023,207,758
alwafd.news,Egypt,Africa,2024,129,609
alwafd.news,Egypt,Africa,2025,87,451
arabnews.com,Saudi Arabia,Asia,2021,134,798
arabnews.com,Saudi Arabia,Asia,2022,272,1294
arabnews.com,Saudi Arabia,Asia,2023,234,1151
arabnews.com,Saudi Arabia,Asia,2024,263,911
arabnews.com,Saudi Arabia,Asia,2025,495,1093
asahi.com,Japan,Asia,2021,112,1025
asahi.com,Japan,Asia,2022,86,714
asahi.com,Japan,Asia,2023,150,1041
asahi.com,Japan,Asia,2024,73,573
asahi.com,Japan,Asia,2025,69,464
assabah.ma,Morocco,Africa,2021,5,10
assabah.ma,Morocco,Africa,2022,0,13
assabah.ma,Morocco,Africa,2023,0,2
assabah.ma,Morocco,Africa,2024,2,8
assabah.ma,Morocco,Africa,2025,0,5
aujourdhui.ma,Morocco,Africa,2021,7,128
aujourdhui.ma,Morocco,Africa,2022,24,211
aujourdhui.ma,Morocco,Africa,2023,32,239
aujourdhui.ma,Morocco,Africa,2024,16,196
aujourdhui.ma,Morocco,Africa,2025,6,168
azzaman.com,Iraq,Asia,2021,0,1
azzaman.com,Iraq,Asia,2022,5,20
azzaman.com,Iraq,Asia,2023,11,51
azzaman.com,Iraq,Asia,2024,11,46
azzaman.com,Iraq,Asia,2025,25,77
berlingske.dk,Denmark,Europe,2021,0,15
berlingske.dk,Denmark,Europe,2022,0,1
bharian.com.my,Malaysia,Asia,2024,45,151
bharian.com.my,Malaysia,Asia,2025,20,83
bild.de,Germany,Europe,2021,45,355
bild.de,Germany,Europe,2022,39,462
bild.de,Germany,Europe,2023,46,841
bild.de,Germany,Europe,2024,46,380
bild.de,Germany,Europe,2025,31,286
blesk.cz,Czech Republic,Europe,2024,13,27
blic.rs,Serbia,Europe,2021,60,162
blic.rs,Serbia,Europe,2022,47,137
blic.rs,Serbia,Europe,2023,78,248
blic.rs,Serbia,Europe,2024,96,307
blic.rs,Serbia,Europe,2025,96,268
blick.ch,Switzerland,Europe,2021,37,445
blick.ch,Switzerland,Europe,2022,80,469
blick.ch,Switzerland,Europe,2023,15,136
blick.ch,Switzerland,Europe,2024,65,376
blick.ch,Switzerland,Europe,2025,35,270
blikk.hu,Hungary,Europe,2024,1,6
blikk.hu,Hungary,Europe,2025,5,15
borsonline.hu,Hungary,Europe,2021,5,22
borsonline.hu,Hungary,Europe,2022,11,31
borsonline.hu,Hungary,Europe,2023,9,23
borsonline.hu,Hungary,Europe,2024,0,10
borsonline.hu,Hungary,Europe,2025,16,37
bt.dk,Denmark,Europe,2021,0,10
busiweek.com,Uganda,Africa,2021,19,62
busiweek.com,Uganda,Africa,2022,18,36
busiweek.com,Uganda,Africa,2023,2,4
capital.bg,Bulgaria,Europe,2021,7,167
capital.bg,Bulgaria,Europe,2022,9,158
capital.bg,Bulgaria,Europe,2023,6,161
capital.bg,Bulgaria,Europe,2024,6,102
capital.bg,Bulgaria,Europe,2025,5,105
capitalethiopia.com,Ethiopia,Africa,2021,13,45
capitalethiopia.com,Ethiopia,Africa,2022,27,77
capitalethiopia.com,Ethiopia,Africa,2023,9,33
capitalethiopia.com,Ethiopia,Africa,2024,86,271
capitalethiopia.com,Ethiopia,Africa,2025,20,68
cas.sk,Slovakia,Europe,2021,52,221
cas.sk,Slovakia,Europe,2022,18,116
cas.sk,Slovakia,Europe,2023,29,125
cas.sk,Slovakia,Europe,2024,28,111
cas.sk,Slovakia,Europe,2025,16,39
ce.cn,China,Asia,2021,191,1790
ce.cn,China,Asia,2022,116,1516
ce.cn,China,Asia,2023,103,1962
ce.cn,China,Asia,2024,97,2104
ce.cn,China,Asia,2025,73,1585
ceskenoviny.cz,Czech Republic,Europe,2021,35,230
ceskenoviny.cz,Czech Republic,Europe,2022,37,239
ceskenoviny.cz,Czech Republic,Europe,2023,28,220
ceskenoviny.cz,Czech Republic,Europe,2024,16,137
ceskenoviny.cz,Czech Republic,Europe,2025,20,135
chinadaily.com.cn,China,Asia,2021,6,70
chinadaily.com.cn,China,Asia,2022,10,55
chinadaily.com.cn,China,Asia,2023,2,46
chinadaily.com.cn,China,Asia,2024,6,49
chinadaily.com.cn,China,Asia,2025,15,102
chinatimes.com,Taiwan,Asia,2021,237,1495
chinatimes.com,Taiwan,Asia,2022,128,1099
chinatimes.com,Taiwan,Asia,2023,142,1365
chinatimes.com,Taiwan,Asia,2024,57,797
chinatimes.com,Taiwan,Asia,2025,73,612
chosun.com,Korea,Asia,2025,21,266
citizen.co.za,South Africa,Africa,2021,1,2
citizen.co.za,South Africa,Africa,2022,0,9
citizen.co.za,South Africa,Africa,2023,2,3
citizen.co.za,South Africa,Africa,2024,2,5
citizen.co.za,South Africa,Africa,2025,1,5
clarin.com,Argentina,Americas,2021,4,16
clarin.com,Argentina,Americas,2022,5,7
clarin.com,Argentina,Americas,2023,0,1
clarin.com,Argentina,Americas,2024,0,2
clarin.com,Argentina,Americas,2025,1,3
correiobraziliense.com.br,Brazil,Americas,2021,161,620
correiobraziliense.com.br,Brazil,Americas,2022,158,494
correiobraziliense.com.br,Brazil,Americas,2023,249,940
correiobraziliense.com.br,Brazil,Americas,2024,272,908
correiobraziliense.com.br,Brazil,Americas,2025,236,953
corriere.it,Italy,Europe,2021,62,496
corriere.it,Italy,Europe,2022,40,410
corriere.it,Italy,Europe,2023,49,427
corriere.it,Italy,Europe,2024,44,296
corriere.it,Italy,Europe,2025,43,274
dagbladet.no,Norway,Europe,2025,12,39
dailyguidenetwork.com,Ghana,Africa,2024,0,11
dailyguidenetwork.com,Ghana,Africa,2025,1,22
dailyinqilab.com,Bangladesh,Asia,2025,267,649
dailymail.co.uk,United Kingdom,Europe,2021,524,2034
dailymail.co.uk,United Kingdom,Europe,2022,503,1858
dailymail.co.uk,United Kingdom,Europe,2023,461,1726
dailymail.co.uk,United Kingdom,Europe,2024,425,1455
dailymail.co.uk,United Kingdom,Europe,2025,375,1325
dailynews.co.th,Thailand,Asia,2021,49,339
dailynews.co.th,Thailand,Asia,2022,119,642
dailynews.co.th,Thailand,Asia,2023,182,940
dailynews.co.th,Thailand,Asia,2024,236,1408
dailynews.co.th,Thailand,Asia,2025,192,1099
dailynews.co.tz,Tanzania,Africa,2022,33,104
dailynews.co.tz,Tanzania,Africa,2023,70,245
dailynews.co.tz,Tanzania,Africa,2024,78,263
dailynews.co.tz,Tanzania,Africa,2025,90,329
dailypakistan.com.pk,Pakistan,Asia,2025,7,14
dailysun.co.za,South Africa,Africa,2022,0,1
dailysun.co.za,South Africa,Africa,2023,0,2
dailysun.co.za,South Africa,Africa,2024,1,5
dailysun.co.za,South Africa,Africa,2025,1,7
dailytelegraph.com.au,Australia,Oceania,2021,0,3
dailytelegraph.com.au,Australia,Oceania,2022,1,8
dailytelegraph.com.au,Australia,Oceania,2023,0,1
dailytelegraph.com.au,Australia,Oceania,2024,1,4
dailytelegraph.com.au,Australia,Oceania,2025,4,37
dailytimes.com.pk,Pakistan,Asia,2023,32,117
dailytimes.com.pk,Pakistan,Asia,2024,226,592
dailytimes.com.pk,Pakistan,Asia,2025,375,1096
dawn.com,Pakistan,Asia,2021,160,482
dawn.com,Pakistan,Asia,2022,370,788
dawn.com,Pakistan,Asia,2023,277,701
dawn.com,Pakistan,Asia,2024,309,772
dawn.com,Pakistan,Asia,2025,392,901
denik.cz,Czech Republic,Europe,2021,0,2
denik.cz,Czech Republic,Europe,2023,1,1
denik.cz,Czech Republic,Europe,2024,0,1
denik.cz,Czech Republic,Europe,2025,0,1
derstandard.at,Austria,Europe,2021,151,992
derstandard.at,Austria,Europe,2022,183,1026
derstandard.at,Austria,Europe,2023,144,923
derstandard.at,Austria,Europe,2024,178,871
derstandard.at,Austria,Europe,2025,14,261
df.cl,Chile,Americas,2021,39,527
df.cl,Chile,Americas,2022,48,506
df.cl,Chile,Americas,2023,49,523
df.cl,Chile,Americas,2024,33,379
df.cl,Chile,Americas,2025,9,195
dhnet.be,Belgium,Europe,2021,459,1612
dhnet.be,Belgium,Europe,2022,428,1399
dhnet.be,Belgium,Europe,2023,314,1639
dhnet.be,Belgium,Europe,2024,244,1186
dhnet.be,Belgium,Europe,2025,251,1046
diariocorreo.pe,Peru,Americas,2021,29,86
diariocorreo.pe,Peru,Americas,2022,19,84
diariocorreo.pe,Peru,Americas,2023,20,87
diariocorreo.pe,Peru,Americas,2024,14,50
diariocorreo.pe,Peru,Americas,2025,9,43
diariodeibiza.es,Spain,Europe,2022,295,1492
diariodeibiza.es,Spain,Europe,2023,264,1420
diariodeibiza.es,Spain,Europe,2024,360,1514
diariodeibiza.es,Spain,Europe,2025,316,1228
diepresse.com,Austria,Europe,2021,118,755
diepresse.com,Austria,Europe,2022,116,748
diepresse.com,Austria,Europe,2023,114,980
diepresse.com,Austria,Europe,2024,136,816
diepresse.com,Austria,Europe,2025,107,583
dimokratiki.gr,Greece,Europe,2021,27,141
dimokratiki.gr,Greece,Europe,2022,26,141
dimokratiki.gr,Greece,Europe,2023,41,155
dimokratiki.gr,Greece,Europe,2024,45,204
dimokratiki.gr,Greece,Europe,2025,12,141
dn.se,Sweden,Europe,2021,142,815
dn.se,Sweden,Europe,2022,135,694
dn.se,Sweden,Europe,2023,54,418
dn.se,Sweden,Europe,2024,96,524
dn.se,Sweden,Europe,2025,86,456
donga.com,Korea,Asia,2021,5,37
donga.com,Korea,Asia,2022,5,19
donga.com,Korea,Asia,2023,6,21
donga.com,Korea,Asia,2024,3,15
donga.com,Korea,Asia,2025,2,13
dsnews.ua,Ukraine,Europe,2021,0,3
echoroukonline.com,Algeria,Africa,2021,11,43
echoroukonline.com,Algeria,Africa,2022,2,9
echoroukonline.com,Algeria,Africa,2024,2,46
echoroukonline.com,Algeria,Africa,2025,10,51
economx.hu,Hungary,Europe,2023,18,113
economx.hu,Hungary,Europe,2024,41,313
economx.hu,Hungary,Europe,2025,41,224
ekstrabladet.dk,Denmark,Europe,2021,27,248
ekstrabladet.dk,Denmark,Europe,2022,34,276
ekstrabladet.dk,Denmark,Europe,2023,28,253
ekstrabladet.dk,Denmark,Europe,2024,23,204
ekstrabladet.dk,Denmark,Europe,2025,11,131
elbilad.net,Algeria,Africa,2021,1,8
elbilad.net,Algeria,Africa,2022,7,27
elbilad.net,Algeria,Africa,2023,10,34
elbilad.net,Algeria,Africa,2024,13,56
elbilad.net,Algeria,Africa,2025,3,16
elcolombiano.com,Colombia,Americas,2021,22,179
elcolombiano.com,Colombia,Americas,2022,29,192
elcolombiano.com,Colombia,Americas,2023,42,243
elcolombiano.com,Colombia,Americas,2024,60,289
elcolombiano.com,Colombia,Americas,2025,84,270
elcomercio.com,Ecuador,Americas,2021,51,188
elcomercio.com,Ecuador,Americas,2022,60,197
elcomercio.com,Ecuador,Americas,2023,29,102
elcomercio.com,Ecuador,Americas,2024,1,2
elcomercio.pe,Peru,Americas,2021,128,422
elcomercio.pe,Peru,Americas,2022,139,462
elcomercio.pe,Peru,Americas,2023,114,449
elcomercio.pe,Peru,Americas,2024,111,411
elcomercio.pe,Peru,Americas,2025,87,301
eldeber.com.bo,Bolivia,Americas,2021,119,392
eldeber.com.bo,Bolivia,Americas,2022,117,332
eldeber.com.bo,Bolivia,Americas,2023,123,375
eldeber.com.bo,Bolivia,Americas,2024,93,298
eldeber.com.bo,Bolivia,Americas,2025,64,215
eldiario.net,Bolivia,Americas,2021,0,2
eldiario.net,Bolivia,Americas,2022,0,2
eldiario.net,Bolivia,Americas,2024,1,1
eleconomista.com.mx,Mexico,Americas,2021,168,814
eleconomista.com.mx,Mexico,Americas,2022,116,628
eleconomista.com.mx,Mexico,Americas,2023,97,513
eleconomista.com.mx,Mexico,Americas,2024,177,743
eleconomista.com.mx,Mexico,Americas,2025,117,589
elespectador.com,Colombia,Americas,2022,41,199
elespectador.com,Colombia,Americas,2023,94,368
elespectador.com,Colombia,Americas,2024,53,169
elespectador.com,Colombia,Americas,2025,23,68
elfagr.org,Egypt,Africa,2021,36,258
elfagr.org,Egypt,Africa,2022,147,1003
elfagr.org,Egypt,Africa,2023,106,602
elfagr.org,Egypt,Africa,2024,91,553
elfagr.org,Egypt,Africa,2025,32,213
elfinanciero.com.mx,Mexico,Americas,2021,8,67
elfinanciero.com.mx,Mexico,Americas,2022,20,125
elfinanciero.com.mx,Mexico,Americas,2023,1,15
elfinanciero.com.mx,Mexico,Americas,2024,3,8
elfinanciero.com.mx,Mexico,Americas,2025,1,3
elheraldo.co,Colombia,Americas,2021,49,262
elheraldo.co,Colombia,Americas,2022,33,204
elheraldo.co,Colombia,Americas,2023,35,194
elheraldo.co,Colombia,Americas,2024,39,261
elheraldo.co,Colombia,Americas,2025,29,217
elheraldo.hn,Honduras,Americas,2022,30,86
elheraldo.hn,Honduras,Americas,2023,19,58
elheraldo.hn,Honduras,Americas,2024,9,44
elheraldo.hn,Honduras,Americas,2025,15,46
elkhabar.com,Algeria,Africa,2021,21,50
elkhabar.com,Algeria,Africa,2022,9,31
elkhabar.com,Algeria,Africa,2023,2,33
elkhabar.com,Algeria,Africa,2024,7,37
elkhabar.com,Algeria,Africa,2025,6,23
elmostrador.cl,Chile,Americas,2021,155,651
elmostrador.cl,Chile,Americas,2022,154,666
elmostrador.cl,Chile,Americas,2023,141,600
elmostrador.cl,Chile,Americas,2024,59,245
elmostrador.cl,Chile,Americas,2025,34,142
elmundo.es,Spain,Europe,2021,0,8
elmundo.es,Spain,Europe,2022,2,27
elmundo.es,Spain,Europe,2023,3,23
elmundo.es,Spain,Europe,2024,1,9
elmundo.es,Spain,Europe,2025,16,62
elpais.com,Spain,Europe,2021,288,1089
elpais.com,Spain,Europe,2022,355,1223
elpais.com,Spain,Europe,2023,384,1430
elpais.com,Spain,Europe,2024,415,1307
elpais.com,Spain,Europe,2025,347,1199
eltelegrafo.com.ec,Ecuador,Americas,2021,3,12
eltelegrafo.com.ec,Ecuador,Americas,2022,3,7
eltelegrafo.com.ec,Ecuador,Americas,2023,5,11
eltelegrafo.com.ec,Ecuador,Americas,2024,1,2
eltiempo.com,Colombia,Americas,2021,237,1042
eltiempo.com,Colombia,Americas,2022,260,1029
eltiempo.com,Colombia,Americas,2023,334,1279
eltiempo.com,Colombia,Americas,2024,287,1233
eltiempo.com,Colombia,Americas,2025,200,802
eluniversal.com.mx,Mexico,Americas,2021,198,636
eluniversal.com.mx,Mexico,Americas,2022,116,433
eluniversal.com.mx,Mexico,Americas,2023,204,588
eluniversal.com.mx,Mexico,Americas,2024,202,596
eluniversal.com.mx,Mexico,Americas,2025,130,421
eluniverso.com,Ecuador,Americas,2021,142,436
eluniverso.com,Ecuador,Americas,2022,90,332
eluniverso.com,Ecuador,Americas,2023,77,321
eluniverso.com,Ecuador,Americas,2024,71,329
eluniverso.com,Ecuador,Americas,2025,60,248
emirates247.com,United Arab Emirates,Asia,2022,0,10
emirates247.com,United Arab Emirates,Asia,2023,39,657
emirates247.com,United Arab Emirates,Asia,2024,9,116
emirates247.com,United Arab Emirates,Asia,2025,8,69
english.ahram.org.eg,Egypt,Africa,2021,148,356
english.ahram.org.eg,Egypt,Africa,2022,110,444
english.ahram.org.eg,Egypt,Africa,2023,53,218
english.ahram.org.eg,Egypt,Africa,2024,81,172
english.ahram.org.eg,Egypt,Africa,2025,44,145
ennaharonline.com,Algeria,Africa,2021,0,5
ennaharonline.com,Algeria,Africa,2022,0,2
ennaharonline.com,Algeria,Africa,2024,14,56
ennaharonline.com,Algeria,Africa,2025,3,29
estadao.com.br,Brazil,Americas,2025,5,22
evz.ro,Romania,Europe,2021,2,17
evz.ro,Romania,Europe,2022,7,32
evz.ro,Romania,Europe,2023,4,19
evz.ro,Romania,Europe,2024,7,31
evz.ro,Romania,Europe,2025,9,29
excelsior.com.mx,Mexico,Americas,2025,45,136
expreso.ec,Ecuador,Americas,2021,40,154
expreso.ec,Ecuador,Americas,2022,51,178
expreso.ec,Ecuador,Americas,2023,76,287
expreso.ec,Ecuador,Americas,2024,95,317
expreso.ec,Ecuador,Americas,2025,58,227
fakt.pl,Poland,Europe,2021,3,8
fakt.pl,Poland,Europe,2022,1,1
fakt.pl,Poland,Europe,2023,1,3
fakt.pl,Poland,Europe,2024,3,12
fakt.pl,Poland,Europe,2025,1,8
fakty.ua,Ukraine,Europe,2021,1,4
fakty.ua,Ukraine,Europe,2022,2,6
fakty.ua,Ukraine,Europe,2023,6,17
fakty.ua,Ukraine,Europe,2024,3,8
fakty.ua,Ukraine,Europe,2025,2,6
faz.net,Germany,Europe,2021,122,1104
faz.net,Germany,Europe,2022,19,147
faz.net,Germany,Europe,2023,14,236
faz.net,Germany,Europe,2024,86,682
faz.net,Germany,Europe,2025,86,641
fijisun.com.fj,Fiji,Oceania,2025,0,1
fijitimes.com.fj,Fiji,Oceania,2025,1,9
ft.com,United Kingdom,Europe,2021,269,2376
ft.com,United Kingdom,Europe,2022,216,1874
ft.com,United Kingdom,Europe,2023,187,1885
ft.com,United Kingdom,Europe,2024,142,1327
ft.com,United Kingdom,Europe,2025,98,945
gazeta.pl,Poland,Europe,2021,10,88
gazeta.pl,Poland,Europe,2022,14,65
gazeta.pl,Poland,Europe,2023,19,67
gazeta.pl,Poland,Europe,2024,13,71
gazeta.pl,Poland,Europe,2025,9,43
gazeta.ua,Ukraine,Europe,2021,32,143
gazeta.ua,Ukraine,Europe,2022,11,51
gazeta.ua,Ukraine,Europe,2023,10,49
gazeta.ua,Ukraine,Europe,2024,21,70
gazeta.ua,Ukraine,Europe,2025,15,65
gazzetta.it,Italy,Europe,2021,1,85
gazzetta.it,Italy,Europe,2022,2,59
gazzetta.it,Italy,Europe,2023,8,71
gazzetta.it,Italy,Europe,2024,3,41
gazzetta.it,Italy,Europe,2025,4,48
gestion.pe,Peru,Americas,2021,139,855
gestion.pe,Peru,Americas,2022,111,575
gestion.pe,Peru,Americas,2023,134,626
gestion.pe,Peru,Americas,2024,114,506
gestion.pe,Peru,Americas,2025,15,147
ghanaiantimes.com.gh,Ghana,Africa,2021,15,76
ghanaiantimes.com.gh,Ghana,Africa,2022,53,180
ghanaiantimes.com.gh,Ghana,Africa,2023,36,140
ghanaiantimes.com.gh,Ghana,Africa,2024,27,123
ghanaiantimes.com.gh,Ghana,Africa,2025,38,166
globes.co.il,Israel,Asia,2024,7,27
globes.co.il,Israel,Asia,2025,7,42
gp.se,Sweden,Europe,2021,0,7
gp.se,Sweden,Europe,2022,2,10
gp.se,Sweden,Europe,2023,5,38
gp.se,Sweden,Europe,2024,10,25
gp.se,Sweden,Europe,2025,8,9
gsp.ro,Romania,Europe,2023,0,3
guardian.ng,Nigeria,Africa,2021,282,751
guardian.ng,Nigeria,Africa,2022,255,727
guardian.ng,Nigeria,Africa,2023,255,955
guardian.ng,Nigeria,Africa,2024,347,1042
guardian.ng,Nigeria,Africa,2025,264,1101
gulfnews.com,United Arab Emirates,Asia,2023,1,5
gulfnews.com,United Arab Emirates,Asia,2024,1,1
gulfnews.com,United Arab Emirates,Asia,2025,4,11
guyanachronicle.com,Guyana,Americas,2022,0,4
haaretz.co.il,Israel,Asia,2024,8,32
haaretz.co.il,Israel,Asia,2025,9,56
habarileo.co.tz,Tanzania,Africa,2022,12,32
habarileo.co.tz,Tanzania,Africa,2023,27,87
habarileo.co.tz,Tanzania,Africa,2024,12,70
habarileo.co.tz,Tanzania,Africa,2025,30,100
heraldsun.com.au,Australia,Oceania,2023,0,1
heraldsun.com.au,Australia,Oceania,2025,0,1
hindustantimes.com,India,Asia,2025,0,1
hnonline.sk,Slovakia,Europe,2021,10,48
hnonline.sk,Slovakia,Europe,2022,16,147
hnonline.sk,Slovakia,Europe,2023,34,264
hnonline.sk,Slovakia,Europe,2024,48,247
hnonline.sk,Slovakia,Europe,2025,49,304
hs.fi,Finland,Europe,2021,68,509
hs.fi,Finland,Europe,2022,88,428
hs.fi,Finland,Europe,2023,71,402
hs.fi,Finland,Europe,2024,44,277
hs.fi,Finland,Europe,2025,40,237
hurriyet.com.tr,Turkey,Asia,2021,390,1554
hurriyet.com.tr,Turkey,Asia,2022,208,988
hurriyet.com.tr,Turkey,Asia,2023,181,853
hurriyet.com.tr,Turkey,Asia,2024,130,646
hurriyet.com.tr,Turkey,Asia,2025,150,659
ilsole24ore.com,Italy,Europe,2021,48,634
ilsole24ore.com,Italy,Europe,2022,31,443
ilsole24ore.com,Italy,Europe,2023,36,578
ilsole24ore.com,Italy,Europe,2024,29,557
ilsole24ore.com,Italy,Europe,2025,62,585
independent.co.uk,United Kingdom,Europe,2021,1,1
independent.co.uk,United Kingdom,Europe,2024,1,1
independent.co.uk,United Kingdom,Europe,2025,14,66
independent.ie,Ireland,Europe,2021,377,1749
independent.ie,Ireland,Europe,2022,317,1669
independent.ie,Ireland,Europe,2023,145,980
independent.ie,Ireland,Europe,2024,91,620
independent.ie,Ireland,Europe,2025,67,421
indianexpress.com,India,Asia,2021,338,1207
indianexpress.com,India,Asia,2022,337,1212
indianexpress.com,India,Asia,2023,69,302
indianexpress.com,India,Asia,2024,390,1237
indianexpress.com,India,Asia,2025,274,1012
infobae.com,Argentina,Americas,2021,0,4
infobae.com,Argentina,Americas,2022,2,4
infobae.com,Argentina,Americas,2023,1,2
infobae.com,Argentina,Americas,2024,1,6
infobae.com,Argentina,Americas,2025,2,6
inquirer.net,Philippines,Asia,2024,0,3
inquirer.net,Philippines,Asia,2025,2,6
iol.co.za,South Africa,Africa,2021,91,433
iol.co.za,South Africa,Africa,2024,37,365
iol.co.za,South Africa,Africa,2025,158,666
irishexaminer.com,Ireland,Europe,2025,1,8
irishmirror.ie,Ireland,Europe,2021,29,147
irishmirror.ie,Ireland,Europe,2022,50,228
irishmirror.ie,Ireland,Europe,2023,47,183
irishmirror.ie,Ireland,Europe,2024,50,176
irishmirror.ie,Ireland,Europe,2025,19,57
irishtimes.com,Ireland,Europe,2022,18,65
irishtimes.com,Ireland,Europe,2023,48,223
irishtimes.com,Ireland,Europe,2024,41,180
irishtimes.com,Ireland,Europe,2025,46,187
is.fi,Finland,Europe,2021,44,270
is.fi,Finland,Europe,2022,40,163
is.fi,Finland,Europe,2023,39,174
is.fi,Finland,Europe,2024,34,126
is.fi,Finland,Europe,2025,32,136
iz.ru,Russia,Europe,2021,64,415
iz.ru,Russia,Europe,2022,43,137
iz.ru,Russia,Europe,2023,44,156
iz.ru,Russia,Europe,2024,49,175
iz.ru,Russia,Europe,2025,38,146
jamaica-gleaner.com,Jamaica,Americas,2021,119,450
jamaica-gleaner.com,Jamaica,Americas,2022,167,550
jamaica-gleaner.com,Jamaica,Americas,2023,198,661
jamaica-gleaner.com,Jamaica,Americas,2024,199,664
jamaica-gleaner.com,Jamaica,Americas,2025,166,586
jamaica-star.com,Jamaica,Americas,2023,0,1
jamaica-star.com,Jamaica,Americas,2024,4,9
jamaica-star.com,Jamaica,Americas,2025,5,16
jamaicaobserver.com,Jamaica,Americas,2025,67,197
jang.com.pk,Pakistan,Asia,2021,18,75
jang.com.pk,Pakistan,Asia,2022,70,150
jang.com.pk,Pakistan,Asia,2023,21,73
jang.com.pk,Pakistan,Asia,2024,18,87
jang.com.pk,Pakistan,Asia,2025,41,125
japantimes.co.jp,Japan,Asia,2021,177,820
japantimes.co.jp,Japan,Asia,2022,74,437
japantimes.co.jp,Japan,Asia,2023,89,536
japantimes.co.jp,Japan,Asia,2024,95,448
japantimes.co.jp,Japan,Asia,2025,92,408
jawapos.com,Indonesia,Asia,2021,27,228
jawapos.com,Indonesia,Asia,2022,74,492
jawapos.com,Indonesia,Asia,2023,78,741
jawapos.com,Indonesia,Asia,2024,42,391
jawapos.com,Indonesia,Asia,2025,74,610
jornaleconomico.sapo.pt,Portugal,Europe,2022,13,160
jornaleconomico.sapo.pt,Portugal,Europe,2025,12,262
jpost.com,Israel,Asia,2022,0,1
jpost.com,Israel,Asia,2023,0,3
jpost.com,Israel,Asia,2024,0,3
jpost.com,Israel,Asia,2025,13,51
jutarnji.hr,Croatia,Europe,2021,122,594
jutarnji.hr,Croatia,Europe,2022,115,454
jutarnji.hr,Croatia,Europe,2023,118,365
jutarnji.hr,Croatia,Europe,2024,119,373
jutarnji.hr,Croatia,Europe,2025,71,265
jyllands-posten.dk,Denmark,Europe,2021,0,27
jyllands-posten.dk,Denmark,Europe,2022,4,173
jyllands-posten.dk,Denmark,Europe,2023,8,152
jyllands-posten.dk,Denmark,Europe,2024,6,166
jyllands-posten.dk,Denmark,Europe,2025,3,173
kaieteurnewsonline.com,Guyana,Americas,2023,11,49
kaieteurnewsonline.com,Guyana,Americas,2024,37,185
kaieteurnewsonline.com,Guyana,Americas,2025,15,80
kauppalehti.fi,Finland,Europe,2021,20,244
kauppalehti.fi,Finland,Europe,2022,12,182
kauppalehti.fi,Finland,Europe,2023,15,188
kauppalehti.fi,Finland,Europe,2024,8,141
kauppalehti.fi,Finland,Europe,2025,3,102
khaleejtimes.com,United Arab Emirates,Asia,2023,0,5
khaosod.co.th,Thailand,Asia,2021,92,297
khaosod.co.th,Thailand,Asia,2022,103,603
khaosod.co.th,Thailand,Asia,2023,36,238
khaosod.co.th,Thailand,Asia,2024,43,286
khaosod.co.th,Thailand,Asia,2025,73,581
kleinezeitung.at,Austria,Europe,2021,132,668
kleinezeitung.at,Austria,Europe,2022,86,622
kleinezeitung.at,Austria,Europe,2023,70,587
kleinezeitung.at,Austria,Europe,2024,175,781
kleinezeitung.at,Austria,Europe,2025,145,668
koha.net,Serbia,Europe,2021,52,144
koha.net,Serbia,Europe,2022,36,98
koha.net,Serbia,Europe,2024,14,24
koha.net,Serbia,Europe,2025,20,38
kommersant.ru,Russia,Europe,2021,23,333
kommersant.ru,Russia,Europe,2022,10,121
kommersant.ru,Russia,Europe,2023,21,152
kommersant.ru,Russia,Europe,2024,20,98
kommersant.ru,Russia,Europe,2025,11,103
kompas.com,Indonesia,Asia,2021,93,521
kompas.com,Indonesia,Asia,2022,134,558
kompas.com,Indonesia,Asia,2023,82,379
kompas.com,Indonesia,Asia,2024,114,435
kompas.com,Indonesia,Asia,2025,127,504
koran.tempo.co,Indonesia,Asia,2021,0,2
koran.tempo.co,Indonesia,Asia,2022,0,2
koran.tempo.co,Indonesia,Asia,2023,0,8
koran.tempo.co,Indonesia,Asia,2024,3,35
koran.tempo.co,Indonesia,Asia,2025,7,109
kp.ru,Russia,Europe,2022,1,3
kp.ru,Russia,Europe,2023,4,8
krone.at,Austria,Europe,2021,10,70
krone.at,Austria,Europe,2022,9,36
krone.at,Austria,Europe,2023,2,22
krone.at,Austria,Europe,2024,2,16
krone.at,Austria,Europe,2025,3,13
kurier.at,Austria,Europe,2021,5,21
kurier.at,Austria,Europe,2022,8,19
kurier.at,Austria,Europe,2023,1,7
kurier.at,Austria,Europe,2024,4,11
kurier.at,Austria,Europe,2025,1,2
kurir.rs,Serbia,Europe,2021,1,3
kurir.rs,Serbia,Europe,2022,1,3
kurir.rs,Serbia,Europe,2024,3,4
kurir.rs,Serbia,Europe,2025,1,1
kyivpost.com,Ukraine,Europe,2022,1,1
kyivpost.com,Ukraine,Europe,2023,4,19
kyivpost.com,Ukraine,Europe,2024,5,30
kyivpost.com,Ukraine,Europe,2025,1,16
la-razon.com,Bolivia,Americas,2025,0,3
lalibre.be,Belgium,Europe,2021,485,1716
lalibre.be,Belgium,Europe,2022,476,1520
lalibre.be,Belgium,Europe,2023,374,1923
lalibre.be,Belgium,Europe,2024,295,1398
lalibre.be,Belgium,Europe,2025,292,1269
lanacion.cl,Chile,Americas,2021,11,54
lanacion.cl,Chile,Americas,2022,5,18
lanacion.cl,Chile,Americas,2023,10,37
lanacion.cl,Chile,Americas,2024,1,25
lanacion.cl,Chile,Americas,2025,2,11
lanacion.com.ar,Argentina,Americas,2021,20,48
lanacion.com.ar,Argentina,Americas,2022,2,7
lanacion.com.ar,Argentina,Americas,2023,31,141
lanacion.com.ar,Argentina,Americas,2024,167,667
lanacion.com.ar,Argentina,Americas,2025,142,477
laprensa.hn,Honduras,Americas,2021,57,177
laprensa.hn,Honduras,Americas,2022,35,87
laprensa.hn,Honduras,Americas,2023,42,93
laprensa.hn,Honduras,Americas,2024,22,84
laprensa.hn,Honduras,Americas,2025,17,45
lapresse.ca,Canada,Americas,2021,280,1206
lapresse.ca,Canada,Americas,2022,334,1298
lapresse.ca,Canada,Americas,2023,270,1025
lapresse.ca,Canada,Americas,2024,274,1070
lapresse.ca,Canada,Americas,2025,201,782
larepublica.pe,Peru,Americas,2021,80,329
larepublica.pe,Peru,Americas,2022,61,235
larepublica.pe,Peru,Americas,2023,91,304
larepublica.pe,Peru,Americas,2024,226,898
larepublica.pe,Peru,Americas,2025,141,597
lastampa.it,Italy,Europe,2021,112,619
lastampa.it,Italy,Europe,2022,71,460
lastampa.it,Italy,Europe,2023,18,116
lastampa.it,Italy,Europe,2024,62,379
lastampa.it,Italy,Europe,2025,209,899
latercera.com,Chile,Americas,2021,162,829
latercera.com,Chile,Americas,2022,116,614
latercera.com,Chile,Americas,2023,11,60
latercera.com,Chile,Americas,2024,11,54
latercera.com,Chile,Americas,2025,76,440
latribuna.hn,Honduras,Americas,2021,128,371
latribuna.hn,Honduras,Americas,2022,113,383
latribuna.hn,Honduras,Americas,2023,179,536
latribuna.hn,Honduras,Americas,2024,119,346
latribuna.hn,Honduras,Americas,2025,58,198
lavieeco.com,Morocco,Africa,2021,3,41
lavieeco.com,Morocco,Africa,2022,6,72
lavieeco.com,Morocco,Africa,2023,17,159
lavieeco.com,Morocco,Africa,2024,6,145
lavieeco.com,Morocco,Africa,2025,7,138
leconomiste.com,Morocco,Africa,2021,6,59
leconomiste.com,Morocco,Africa,2022,6,61
leconomiste.com,Morocco,Africa,2023,4,64
leconomiste.com,Morocco,Africa,2024,8,86
leconomiste.com,Morocco,Africa,2025,0,98
lefigaro.fr,France,Europe,2021,152,1268
lefigaro.fr,France,Europe,2022,38,927
lefigaro.fr,France,Europe,2023,191,1668
lefigaro.fr,France,Europe,2024,190,1203
lefigaro.fr,France,Europe,2025,25,682
lematin.ma,Morocco,Africa,2021,44,293
lematin.ma,Morocco,Africa,2022,33,192
lematin.ma,Morocco,Africa,2023,34,234
lematin.ma,Morocco,Africa,2024,36,250
lematin.ma,Morocco,Africa,2025,29,271
lemauricien.com,Mauritius,Africa,2021,41,98
lemauricien.com,Mauritius,Africa,2022,69,218
lemauricien.com,Mauritius,Africa,2023,61,249
lemauricien.com,Mauritius,Africa,2024,85,238
lemauricien.com,Mauritius,Africa,2025,27,156
lemonde.fr,France,Europe,2021,160,1024
lemonde.fr,France,Europe,2022,356,1923
lemonde.fr,France,Europe,2023,311,2099
lemonde.fr,France,Europe,2024,429,1682
lemonde.fr,France,Europe,2025,54,867
leparisien.fr,France,Europe,2021,0,2
leparisien.fr,France,Europe,2022,0,3
leparisien.fr,France,Europe,2023,1,3
leparisien.fr,France,Europe,2024,0,3
leparisien.fr,France,Europe,2025,17,93
lequipe.fr,France,Europe,2021,0,10
lequipe.fr,France,Europe,2022,2,21
lequipe.fr,France,Europe,2023,0,18
lequipe.fr,France,Europe,2024,1,10
lequipe.fr,France,Europe,2025,2,14
lequotidien.sn,Senegal,Africa,2021,0,8
lequotidien.sn,Senegal,Africa,2022,6,21
lequotidien.sn,Senegal,Africa,2023,11,60
lequotidien.sn,Senegal,Africa,2024,3,21
lequotidien.sn,Senegal,Africa,2025,17,45
lesoir.be,Belgium,Europe,2021,37,336
lesoir.be,Belgium,Europe,2022,40,223
lesoir.be,Belgium,Europe,2023,13,157
lesoir.be,Belgium,Europe,2024,36,203
lesoir.be,Belgium,Europe,2025,26,157
lesoleil.sn,Senegal,Africa,2024,3,10
lesoleil.sn,Senegal,Africa,2025,13,50
letemps.ch,Switzerland,Europe,2024,22,175
letemps.ch,Switzerland,Europe,2025,67,304
lexpress.mu,Mauritius,Africa,2023,0,1
lexpress.mu,Mauritius,Africa,2024,0,2
lexpress.mu,Mauritius,Africa,2025,2,13
liberation.fr,France,Europe,2021,39,410
liberation.fr,France,Europe,2022,206,849
liberation.fr,France,Europe,2023,282,1166
liberation.fr,France,Europe,2024,159,655
liberation.fr,France,Europe,2025,5,84
libertatea.ro,Romania,Europe,2021,67,178
libertatea.ro,Romania,Europe,2022,61,213
libertatea.ro,Romania,Europe,2023,74,201
libertatea.ro,Romania,Europe,2024,67,207
libertatea.ro,Romania,Europe,2025,87,233
liberte-algerie.com,Algeria,Africa,2022,0,1
lidovky.cz,Czech Republic,Europe,2021,25,160
lidovky.cz,Czech Republic,Europe,2022,16,107
lidovky.cz,Czech Republic,Europe,2023,16,105
lidovky.cz,Czech Republic,Europe,2024,9,76
lidovky.cz,Czech Republic,Europe,2025,4,13
limerickleader.ie,Ireland,Europe,2021,4,108
limerickleader.ie,Ireland,Europe,2022,28,220
limerickleader.ie,Ireland,Europe,2023,17,173
limerickleader.ie,Ireland,Europe,2024,17,148
limerickleader.ie,Ireland,Europe,2025,16,111
lostiempos.com,Bolivia,Americas,2021,47,173
lostiempos.com,Bolivia,Americas,2022,42,125
lostiempos.com,Bolivia,Americas,2023,75,237
lostiempos.com,Bolivia,Americas,2024,57,144
lostiempos.com,Bolivia,Americas,2025,19,59
magyarnemzet.hu,Hungary,Europe,2021,2,13
magyarnemzet.hu,Hungary,Europe,2022,3,29
magyarnemzet.hu,Hungary,Europe,2023,2,48
magyarnemzet.hu,Hungary,Europe,2024,0,4
magyarnemzet.hu,Hungary,Europe,2025,0,2
mainichi.jp,Japan,Asia,2021,235,1329
mainichi.jp,Japan,Asia,2022,132,793
mainichi.jp,Japan,Asia,2023,152,876
mainichi.jp,Japan,Asia,2024,178,810
mainichi.jp,Japan,Asia,2025,119,668
malaymail.com,Malaysia,Asia,2021,212,921
malaymail.com,Malaysia,Asia,2022,254,913
malaymail.com,Malaysia,Asia,2023,280,1213
malaymail.com,Malaysia,Asia,2024,272,903
malaymail.com,Malaysia,Asia,2025,268,791
maldivesindependent.com,Maldives,Asia,2025,4,12
manoramaonline.com,India,Asia,2021,23,73
manoramaonline.com,India,Asia,2022,3,22
manoramaonline.com,India,Asia,2023,20,141
manoramaonline.com,India,Asia,2024,68,292
manoramaonline.com,India,Asia,2025,55,197
marca.com,Spain,Europe,2022,2,3
marca.com,Spain,Europe,2023,2,2
marca.com,Spain,Europe,2024,2,6
marca.com,Spain,Europe,2025,0,3
mathrubhumi.com,India,Asia,2021,46,278
mathrubhumi.com,India,Asia,2022,6,46
mathrubhumi.com,India,Asia,2024,4,42
mathrubhumi.com,India,Asia,2025,11,52
mb.com.ph,Philippines,Asia,2021,209,768
mb.com.ph,Philippines,Asia,2022,207,891
mb.com.ph,Philippines,Asia,2023,160,630
mb.com.ph,Philippines,Asia,2024,106,347
mb.com.ph,Philippines,Asia,2025,74,333
mg.co.za,South Africa,Africa,2022,97,287
mg.co.za,South Africa,Africa,2023,49,197
mg.co.za,South Africa,Africa,2024,67,247
mg.co.za,South Africa,Africa,2025,59,206
mgronline.com,Thailand,Asia,2021,72,257
mgronline.com,Thailand,Asia,2022,46,277
mgronline.com,Thailand,Asia,2023,65,276
mgronline.com,Thailand,Asia,2024,65,324
mgronline.com,Thailand,Asia,2025,45,195
milenio.com,Mexico,Americas,2024,27,149
milliyet.com.tr,Turkey,Asia,2021,350,1676
milliyet.com.tr,Turkey,Asia,2022,214,987
milliyet.com.tr,Turkey,Asia,2023,215,891
milliyet.com.tr,Turkey,Asia,2024,180,831
milliyet.com.tr,Turkey,Asia,2025,142,810
mk.co.kr,Korea,Asia,2021,2,85
mk.co.kr,Korea,Asia,2022,3,86
mk.co.kr,Korea,Asia,2023,0,5
mk.co.kr,Korea,Asia,2024,0,2
mk.co.kr,Korea,Asia,2025,0,3
mk.ru,Russia,Europe,2021,45,231
mk.ru,Russia,Europe,2022,34,139
mk.ru,Russia,Europe,2023,55,187
mk.ru,Russia,Europe,2024,114,263
mk.ru,Russia,Europe,2025,130,319
monitor.co.ug,Uganda,Africa,2021,14,33
monitor.co.ug,Uganda,Africa,2022,47,114
monitor.co.ug,Uganda,Africa,2023,12,35
monitor.co.ug,Uganda,Africa,2024,50,139
monitor.co.ug,Uganda,Africa,2025,100,250
naftemporiki.gr,Greece,Europe,2021,189,1015
naftemporiki.gr,Greece,Europe,2022,135,716
naftemporiki.gr,Greece,Europe,2023,163,977
naftemporiki.gr,Greece,Europe,2024,132,865
naftemporiki.gr,Greece,Europe,2025,91,692
naszemiasto.pl,Poland,Europe,2021,0,1
naszemiasto.pl,Poland,Europe,2022,0,6
naszemiasto.pl,Poland,Europe,2023,3,13
naszemiasto.pl,Poland,Europe,2024,2,14
naszemiasto.pl,Poland,Europe,2025,2,73
nation.co.ke,Kenya,Africa,2021,2,3
nation.co.ke,Kenya,Africa,2022,4,13
nation.co.ke,Kenya,Africa,2023,6,21
nation.co.ke,Kenya,Africa,2024,2,4
nation.co.ke,Kenya,Africa,2025,0,3
nationalpost.com,Canada,Americas,2021,156,1244
nationalpost.com,Canada,Americas,2022,185,1258
nationalpost.com,Canada,Americas,2023,209,1491
nationalpost.com,Canada,Americas,2024,85,552
nationalpost.com,Canada,Americas,2025,0,90
nepszava.hu,Hungary,Europe,2021,11,82
nepszava.hu,Hungary,Europe,2022,18,72
nepszava.hu,Hungary,Europe,2023,12,66
nepszava.hu,Hungary,Europe,2024,12,69
nepszava.hu,Hungary,Europe,2025,22,78
news.mingpao.com,China,Asia,2022,56,317
news.mingpao.com,China,Asia,2023,57,395
news.mingpao.com,China,Asia,2024,57,363
news.mingpao.com,China,Asia,2025,54,296
newsabah.com,Iraq,Asia,2021,11,25
newsabah.com,Iraq,Asia,2022,3,10
newsabah.com,Iraq,Asia,2023,2,4
newsabah.com,Iraq,Asia,2024,3,9
newsabah.com,Iraq,Asia,2025,2,7
newvision.co.ug,Uganda,Africa,2021,1,4
newvision.co.ug,Uganda,Africa,2025,44,121
nieuwsblad.be,Belgium,Europe,2025,0,1
nikkei.com,Japan,Asia,2021,163,3153
nikkei.com,Japan,Asia,2022,92,2500
nikkei.com,Japan,Asia,2023,79,2383
nikkei.com,Japan,Asia,2024,87,2223
nikkei.com,Japan,Asia,2025,56,1818
novilist.hr,Croatia,Europe,2021,5,15
novilist.hr,Croatia,Europe,2022,13,24
novilist.hr,Croatia,Europe,2024,2,11
novilist.hr,Croatia,Europe,2025,26,106
novosti.rs,Serbia,Europe,2021,65,269
novosti.rs,Serbia,Europe,2022,42,144
novosti.rs,Serbia,Europe,2023,61,205
novosti.rs,Serbia,Europe,2024,45,171
novosti.rs,Serbia,Europe,2025,31,116
nrc.nl,Netherlands,Europe,2021,136,756
nrc.nl,Netherlands,Europe,2022,117,695
nrc.nl,Netherlands,Europe,2023,134,798
nrc.nl,Netherlands,Europe,2024,114,633
nrc.nl,Netherlands,Europe,2025,104,582
nypost.com,United States,Americas,2021,160,593
nypost.com,United States,Americas,2022,113,424
nypost.com,United States,Americas,2023,128,409
nypost.com,United States,Americas,2024,63,299
nypost.com,United States,Americas,2025,77,309
nytimes.com,United States,Americas,2021,963,2326
nytimes.com,United States,Americas,2022,606,1803
nytimes.com,United States,Americas,2023,560,1650
nytimes.com,United States,Americas,2024,320,1148
nytimes.com,United States,Americas,2025,254,755
nzz.ch,Switzerland,Europe,2024,3,22
observer.ug,Uganda,Africa,2021,16,34
observer.ug,Uganda,Africa,2022,17,38
observer.ug,Uganda,Africa,2023,5,10
observer.ug,Uganda,Africa,2024,23,58
observer.ug,Uganda,Africa,2025,19,56
okaz.com.sa,Saudi Arabia,Asia,2021,34,127
okaz.com.sa,Saudi Arabia,Asia,2022,20,136
okaz.com.sa,Saudi Arabia,Asia,2023,24,122
okaz.com.sa,Saudi Arabia,Asia,2024,18,85
okaz.com.sa,Saudi Arabia,Asia,2025,51,127
opovo.com.br,Brazil,Americas,2021,30,113
opovo.com.br,Brazil,Americas,2022,27,94
opovo.com.br,Brazil,Americas,2023,22,102
opovo.com.br,Brazil,Americas,2024,12,93
opovo.com.br,Brazil,Americas,2025,28,148
perfil.com,Argentina,Americas,2021,116,385
perfil.com,Argentina,Americas,2022,96,342
perfil.com,Argentina,Americas,2023,109,367
perfil.com,Argentina,Americas,2024,74,214
perfil.com,Argentina,Americas,2025,61,249
philstar.com,Philippines,Asia,2021,180,588
philstar.com,Philippines,Asia,2022,190,804
philstar.com,Philippines,Asia,2023,42,262
philstar.com,Philippines,Asia,2024,209,824
philstar.com,Philippines,Asia,2025,119,583
pluska.sk,Slovakia,Europe,2021,23,79
pluska.sk,Slovakia,Europe,2022,10,40
pluska.sk,Slovakia,Europe,2023,13,68
pluska.sk,Slovakia,Europe,2024,0,8
pluska.sk,Slovakia,Europe,2025,0,4
politiken.dk,Denmark,Europe,2022,0,1
politiken.dk,Denmark,Europe,2024,0,2
politiken.dk,Denmark,Europe,2025,0,1
portafolio.co,Colombia,Americas,2021,43,336
portafolio.co,Colombia,Americas,2022,44,454
portafolio.co,Colombia,Americas,2023,71,528
portafolio.co,Colombia,Americas,2024,80,677
portafolio.co,Colombia,Americas,2025,58,370
postcourier.com.pg,Papua New Guinea,Oceania,2022,1,1
postcourier.com.pg,Papua New Guinea,Oceania,2023,19,95
postcourier.com.pg,Papua New Guinea,Oceania,2024,63,428
postcourier.com.pg,Papua New Guinea,Oceania,2025,20,217
prothomalo.com,Bangladesh,Asia,2021,61,291
prothomalo.com,Bangladesh,Asia,2022,54,252
prothomalo.com,Bangladesh,Asia,2023,38,184
prothomalo.com,Bangladesh,Asia,2024,56,319
prothomalo.com,Bangladesh,Asia,2025,53,288
publico.pt,Portugal,Europe,2022,1,2
publimetro.cl,Chile,Americas,2021,9,68
publimetro.cl,Chile,Americas,2022,8,38
publimetro.cl,Chile,Americas,2023,11,59
publimetro.cl,Chile,Americas,2024,2,14
publimetro.cl,Chile,Americas,2025,1,4
punchng.com,Nigeria,Africa,2021,104,318
punchng.com,Nigeria,Africa,2022,112,357
punchng.com,Nigeria,Africa,2023,153,513
punchng.com,Nigeria,Africa,2024,210,666
punchng.com,Nigeria,Africa,2025,170,607
realitatea.net,Romania,Europe,2021,14,89
realitatea.net,Romania,Europe,2022,36,157
realitatea.net,Romania,Europe,2023,39,159
realitatea.net,Romania,Europe,2024,50,184
realitatea.net,Romania,Europe,2025,38,113
record.pt,Portugal,Europe,2021,1,5
record.pt,Portugal,Europe,2022,0,9
record.pt,Portugal,Europe,2023,0,11
record.pt,Portugal,Europe,2024,0,13
record.pt,Portugal,Europe,2025,5,21
repubblica.it,Italy,Europe,2021,257,1574
repubblica.it,Italy,Europe,2022,202,1326
repubblica.it,Italy,Europe,2023,74,448
repubblica.it,Italy,Europe,2024,238,1155
repubblica.it,Italy,Europe,2025,238,1163
republika.co.id,Indonesia,Asia,2023,0,1
republika.co.id,Indonesia,Asia,2024,0,3
republika.co.id,Indonesia,Asia,2025,4,18
sabah.com.tr,Turkey,Asia,2021,173,858
sabah.com.tr,Turkey,Asia,2022,114,708
sabah.com.tr,Turkey,Asia,2023,109,653
sabah.com.tr,Turkey,Asia,2024,88,536
sabah.com.tr,Turkey,Asia,2025,66,516
saudigazette.com.sa,Saudi Arabia,Asia,2024,0,5
saudigazette.com.sa,Saudi Arabia,Asia,2025,15,76
scmp.com,Hong Kong,Asia,2021,269,1261
scmp.com,Hong Kong,Asia,2022,237,1138
scmp.com,Hong Kong,Asia,2023,244,1266
scmp.com,Hong Kong,Asia,2024,202,891
scmp.com,Hong Kong,Asia,2025,51,387
se.pl,Poland,Europe,2021,1,12
se.pl,Poland,Europe,2022,1,10
se.pl,Poland,Europe,2023,1,19
se.pl,Poland,Europe,2024,2,21
se.pl,Poland,Europe,2025,0,22
seattletimes.com,United States,Americas,2023,41,163
seattletimes.com,United States,Americas,2024,526,1651
seattletimes.com,United States,Americas,2025,363,1191
segabg.com,Bulgaria,Europe,2021,7,39
segabg.com,Bulgaria,Europe,2022,5,35
segabg.com,Bulgaria,Europe,2023,17,75
segabg.com,Bulgaria,Europe,2024,15,95
segabg.com,Bulgaria,Europe,2025,6,51
sggp.org.vn,Vietnam,Asia,2021,108,417
sggp.org.vn,Vietnam,Asia,2022,96,520
sggp.org.vn,Vietnam,Asia,2023,73,578
sggp.org.vn,Vietnam,Asia,2024,73,615
sggp.org.vn,Vietnam,Asia,2025,55,496
slobodnadalmacija.hr,Croatia,Europe,2021,65,270
slobodnadalmacija.hr,Croatia,Europe,2022,93,268
slobodnadalmacija.hr,Croatia,Europe,2023,87,289
slobodnadalmacija.hr,Croatia,Europe,2024,79,245
slobodnadalmacija.hr,Croatia,Europe,2025,52,148
sme.sk,Slovakia,Europe,2021,0,1
sme.sk,Slovakia,Europe,2022,8,71
sme.sk,Slovakia,Europe,2023,10,59
sme.sk,Slovakia,Europe,2024,0,5
sme.sk,Slovakia,Europe,2025,11,57
smh.com.au,Australia,Oceania,2021,8,67
smh.com.au,Australia,Oceania,2022,7,24
smh.com.au,Australia,Oceania,2023,0,1
sozcu.com.tr,Turkey,Asia,2021,221,812
sozcu.com.tr,Turkey,Asia,2022,151,592
sozcu.com.tr,Turkey,Asia,2023,181,676
sozcu.com.tr,Turkey,Asia,2024,144,565
sozcu.com.tr,Turkey,Asia,2025,190,798
stabroeknews.com,Guyana,Americas,2021,3,28
stabroeknews.com,Guyana,Americas,2022,1,23
stabroeknews.com,Guyana,Americas,2023,3,20
stabroeknews.com,Guyana,Americas,2024,6,12
stabroeknews.com,Guyana,Americas,2025,2,9
standaard.be,Belgium,Europe,2021,29,195
standaard.be,Belgium,Europe,2022,14,114
standaard.be,Belgium,Europe,2023,14,155
standaard.be,Belgium,Europe,2024,19,94
standaard.be,Belgium,Europe,2025,17,62
standardmedia.co.ke,Kenya,Africa,2021,138,393
standardmedia.co.ke,Kenya,Africa,2022,273,618
standardmedia.co.ke,Kenya,Africa,2023,322,888
standardmedia.co.ke,Kenya,Africa,2024,233,650
standardmedia.co.ke,Kenya,Africa,2025,212,631
standartnews.com,Bulgaria,Europe,2021,21,152
standartnews.com,Bulgaria,Europe,2022,17,169
standartnews.com,Bulgaria,Europe,2023,36,211
standartnews.com,Bulgaria,Europe,2024,24,163
standartnews.com,Bulgaria,Europe,2025,28,151
sueddeutsche.de,Germany,Europe,2021,47,2366
sueddeutsche.de,Germany,Europe,2022,66,2124
sueddeutsche.de,Germany,Europe,2023,64,2656
sueddeutsche.de,Germany,Europe,2024,223,2095
sueddeutsche.de,Germany,Europe,2025,50,1161
sunstar.com.ph,Philippines,Asia,2025,0,7
svd.se,Sweden,Europe,2023,1,2
svd.se,Sweden,Europe,2025,0,10
tagesanzeiger.ch,Switzerland,Europe,2021,50,340
tagesanzeiger.ch,Switzerland,Europe,2022,41,231
tagesanzeiger.ch,Switzerland,Europe,2023,52,325
tagesanzeiger.ch,Switzerland,Europe,2024,54,354
tagesanzeiger.ch,Switzerland,Europe,2025,59,356
taipeitimes.com,Taiwan,Asia,2021,139,673
taipeitimes.com,Taiwan,Asia,2022,153,706
taipeitimes.com,Taiwan,Asia,2023,118,508
taipeitimes.com,Taiwan,Asia,2024,66,287
taipeitimes.com,Taiwan,Asia,2025,82,350
taiwannews.com.tw,Taiwan,Asia,2021,199,829
taiwannews.com.tw,Taiwan,Asia,2022,192,820
taiwannews.com.tw,Taiwan,Asia,2023,220,855
taiwannews.com.tw,Taiwan,Asia,2024,77,1355
taiwannews.com.tw,Taiwan,Asia,2025,112,2143
tanea.gr,Greece,Europe,2021,2,3
tanea.gr,Greece,Europe,2024,2,5
tanea.gr,Greece,Europe,2025,0,2
telegraaf.nl,Netherlands,Europe,2021,43,372
telegraaf.nl,Netherlands,Europe,2022,18,222
telegraaf.nl,Netherlands,Europe,2023,1,14
telegraaf.nl,Netherlands,Europe,2024,5,139
telegraaf.nl,Netherlands,Europe,2025,6,69
telegraf.rs,Serbia,Europe,2021,53,158
telegraf.rs,Serbia,Europe,2022,59,157
telegraf.rs,Serbia,Europe,2023,53,141
telegraf.rs,Serbia,Europe,2024,59,154
telegraf.rs,Serbia,Europe,2025,57,159
telegraph.co.uk,United Kingdom,Europe,2021,338,1428
telegraph.co.uk,United Kingdom,Europe,2022,195,1104
telegraph.co.uk,United Kingdom,Europe,2023,259,1601
telegraph.co.uk,United Kingdom,Europe,2024,191,1222
telegraph.co.uk,United Kingdom,Europe,2025,11,454
theage.com.au,Australia,Oceania,2021,3,87
theage.com.au,Australia,Oceania,2022,7,39
theage.com.au,Australia,Oceania,2023,2,16
theage.com.au,Australia,Oceania,2024,1,20
theage.com.au,Australia,Oceania,2025,2,23
thebftonline.com,Ghana,Africa,2021,1,5
thebftonline.com,Ghana,Africa,2022,0,4
thebftonline.com,Ghana,Africa,2024,0,6
thebftonline.com,Ghana,Africa,2025,1,6
thechronicle.com.gh,Ghana,Africa,2021,9,42
thechronicle.com.gh,Ghana,Africa,2022,15,54
thechronicle.com.gh,Ghana,Africa,2023,20,86
thechronicle.com.gh,Ghana,Africa,2024,19,87
thechronicle.com.gh,Ghana,Africa,2025,16,53
thedailystar.net,Bangladesh,Asia,2021,231,718
thedailystar.net,Bangladesh,Asia,2022,223,712
thedailystar.net,Bangladesh,Asia,2023,268,934
thedailystar.net,Bangladesh,Asia,2024,291,958
thedailystar.net,Bangladesh,Asia,2025,267,810
theeastafrican.co.ke,Kenya,Africa,2021,45,91
theeastafrican.co.ke,Kenya,Africa,2022,63,134
theeastafrican.co.ke,Kenya,Africa,2023,78,207
theeastafrican.co.ke,Kenya,Africa,2024,44,115
theeastafrican.co.ke,Kenya,Africa,2025,24,99
theglobeandmail.com,Canada,Americas,2021,421,1835
theglobeandmail.com,Canada,Americas,2022,376,1711
theglobeandmail.com,Canada,Americas,2023,404,1976
theglobeandmail.com,Canada,Americas,2024,307,1522
theglobeandmail.com,Canada,Americas,2025,199,848
theguardian.com,United Kingdom,Europe,2021,1318,4685
theguardian.com,United Kingdom,Europe,2022,1143,4351
theguardian.com,United Kingdom,Europe,2023,1042,4187
theguardian.com,United Kingdom,Europe,2024,1022,3656
theguardian.com,United Kingdom,Europe,2025,855,3104
thehindu.com,India,Asia,2025,3,19
thejakartapost.com,Indonesia,Asia,2021,123,688
thejakartapost.com,Indonesia,Asia,2022,148,671
thejakartapost.com,Indonesia,Asia,2023,111,693
thejakartapost.com,Indonesia,Asia,2024,73,483
thejakartapost.com,Indonesia,Asia,2025,97,483
thenationalnews.com,United Arab Emirates,Asia,2021,377,1764
thenationalnews.com,United Arab Emirates,Asia,2022,343,1726
thenationalnews.com,United Arab Emirates,Asia,2023,370,2311
thenationalnews.com,United Arab Emirates,Asia,2024,89,468
thenationalnews.com,United Arab Emirates,Asia,2025,71,304
thenationonlineng.net,Nigeria,Africa,2021,27,112
thenationonlineng.net,Nigeria,Africa,2022,0,1
thenationonlineng.net,Nigeria,Africa,2024,117,434
thenationonlineng.net,Nigeria,Africa,2025,171,731
thenews.com.pk,Pakistan,Asia,2021,427,1400
thenews.com.pk,Pakistan,Asia,2022,589,1506
thenews.com.pk,Pakistan,Asia,2023,471,1420
thenews.com.pk,Pakistan,Asia,2024,507,1496
thenews.com.pk,Pakistan,Asia,2025,415,1236
thepostnpcameroon.com,Cameroon,Africa,2025,1,7
thestar.com,Canada,Americas,2021,645,2386
thestar.com,Canada,Americas,2022,546,1980
thestar.com,Canada,Americas,2023,475,1750
thestar.com,Canada,Americas,2024,670,1965
thestar.com,Canada,Americas,2025,548,1908
thestar.com.my,Malaysia,Asia,2021,9,151
thestar.com.my,Malaysia,Asia,2022,8,56
thestar.com.my,Malaysia,Asia,2023,3,13
thestar.com.my,Malaysia,Asia,2024,4,9
thestar.com.my,Malaysia,Asia,2025,5,23
thesunnewspaper.cm,Cameroon,Africa,2022,0,2
thesunnewspaper.cm,Cameroon,Africa,2023,5,8
thesunnewspaper.cm,Cameroon,Africa,2024,1,10
thesunnewspaper.cm,Cameroon,Africa,2025,2,5
thisdaylive.com,Nigeria,Africa,2021,95,404
thisdaylive.com,Nigeria,Africa,2022,136,487
thisdaylive.com,Nigeria,Africa,2023,111,518
thisdaylive.com,Nigeria,Africa,2024,112,558
thisdaylive.com,Nigeria,Africa,2025,107,541
tiempo.hn,Honduras,Americas,2021,34,77
tiempo.hn,Honduras,Americas,2022,17,56
tiempo.hn,Honduras,Americas,2023,55,115
tiempo.hn,Honduras,Americas,2024,48,112
tiempo.hn,Honduras,Americas,2025,22,77
tienphong.vn,Vietnam,Asia,2021,4,16
timeslive.co.za,South Africa,Africa,2021,44,239
timeslive.co.za,South Africa,Africa,2022,39,174
timeslive.co.za,South Africa,Africa,2023,27,153
timeslive.co.za,South Africa,Africa,2024,47,239
timeslive.co.za,South Africa,Africa,2025,56,232
tnp.sg,Singapore,Asia,2021,0,1
todayonline.com,Singapore,Asia,2021,17,118
todayonline.com,Singapore,Asia,2022,27,164
todayonline.com,Singapore,Asia,2023,29,115
todayonline.com,Singapore,Asia,2024,30,102
todayonline.com,Singapore,Asia,2025,7,43
topick.hket.com,Hong Kong,Asia,2021,12,92
topick.hket.com,Hong Kong,Asia,2022,17,95
topick.hket.com,Hong Kong,Asia,2023,23,113
topick.hket.com,Hong Kong,Asia,2024,5,75
topick.hket.com,Hong Kong,Asia,2025,5,38
topky.sk,Slovakia,Europe,2021,1,1
topky.sk,Slovakia,Europe,2022,0,1
topky.sk,Slovakia,Europe,2023,3,16
topky.sk,Slovakia,Europe,2024,7,37
topky.sk,Slovakia,Europe,2025,9,45
tovima.gr,Greece,Europe,2021,1,8
tovima.gr,Greece,Europe,2022,1,5
tovima.gr,Greece,Europe,2023,0,9
tovima.gr,Greece,Europe,2025,0,1
trouw.nl,Netherlands,Europe,2021,101,646
trouw.nl,Netherlands,Europe,2022,142,724
trouw.nl,Netherlands,Europe,2023,71,435
trouw.nl,Netherlands,Europe,2024,73,413
trouw.nl,Netherlands,Europe,2025,104,448
udn.com,Taiwan,Asia,2021,656,4853
udn.com,Taiwan,Asia,2022,521,5793
udn.com,Taiwan,Asia,2023,657,7482
udn.com,Taiwan,Asia,2024,669,7762
udn.com,Taiwan,Asia,2025,631,5625
valor.com.br,Brazil,Americas,2024,15,122
valor.com.br,Brazil,Americas,2025,1,28
vancouversun.com,Canada,Americas,2021,23,240
vancouversun.com,Canada,Americas,2022,69,310
vancouversun.com,Canada,Americas,2023,53,376
vancouversun.com,Canada,Americas,2024,37,218
vancouversun.com,Canada,Americas,2025,14,92
vanguardngr.com,Nigeria,Africa,2021,47,122
vanguardngr.com,Nigeria,Africa,2023,0,1
vanguardngr.com,Nigeria,Africa,2024,98,237
vanguardngr.com,Nigeria,Africa,2025,110,353
vecernji.hr,Croatia,Europe,2021,65,250
vecernji.hr,Croatia,Europe,2022,81,286
vecernji.hr,Croatia,Europe,2023,92,353
vecernji.hr,Croatia,Europe,2024,97,298
vecernji.hr,Croatia,Europe,2025,91,317
vg.no,Norway,Europe,2025,2,6
vietnamnews.vn,Vietnam,Asia,2021,68,279
vietnamnews.vn,Vietnam,Asia,2022,74,443
vietnamnews.vn,Vietnam,Asia,2023,58,524
vietnamnews.vn,Vietnam,Asia,2024,52,763
vietnamnews.vn,Vietnam,Asia,2025,82,730
vneconomy.vn,Vietnam,Asia,2021,60,243
vneconomy.vn,Vietnam,Asia,2022,58,392
vneconomy.vn,Vietnam,Asia,2023,49,423
vneconomy.vn,Vietnam,Asia,2024,66,835
vneconomy.vn,Vietnam,Asia,2025,106,1102
volkskrant.nl,Netherlands,Europe,2021,130,620
volkskrant.nl,Netherlands,Europe,2022,143,585
volkskrant.nl,Netherlands,Europe,2023,48,255
volkskrant.nl,Netherlands,Europe,2024,57,267
volkskrant.nl,Netherlands,Europe,2025,83,378
washingtonpost.com,United States,Americas,2021,142,990
washingtonpost.com,United States,Americas,2022,341,1482
washingtonpost.com,United States,Americas,2023,330,1348
washingtonpost.com,United States,Americas,2024,214,752
washingtonpost.com,United States,Americas,2025,134,438
welt.de,Germany,Europe,2021,227,2215
welt.de,Germany,Europe,2022,249,2007
welt.de,Germany,Europe,2023,243,2874
welt.de,Germany,Europe,2024,168,1556
welt.de,Germany,Europe,2025,83,952
wenweipo.com,Hong Kong,Asia,2021,59,317
wenweipo.com,Hong Kong,Asia,2022,53,274
wenweipo.com,Hong Kong,Asia,2023,32,253
wenweipo.com,Hong Kong,Asia,2024,45,384
wenweipo.com,Hong Kong,Asia,2025,54,365
wsj.com,United States,Americas,2021,163,1394
wsj.com,United States,Americas,2022,56,856
wsj.com,United States,Americas,2023,134,1513
wsj.com,United States,Americas,2024,4,54
wsj.com,United States,Americas,2025,1,32
ycwb.com,China,Asia,2025,0,1
ynet.co.il,Israel,Asia,2021,23,50
ynet.co.il,Israel,Asia,2022,8,22
ynet.co.il,Israel,Asia,2023,8,13
ynet.co.il,Israel,Asia,2025,1,2
yomiuri.co.jp,Japan,Asia,2021,54,440
yomiuri.co.jp,Japan,Asia,2022,32,232
yomiuri.co.jp,Japan,Asia,2023,25,237
yomiuri.co.jp,Japan,Asia,2024,39,334
yomiuri.co.jp,Japan,Asia,2025,53,364
zaobao.com.sg,Singapore,Asia,2021,106,643
zaobao.com.sg,Singapore,Asia,2022,93,559
zaobao.com.sg,Singapore,Asia,2023,118,729
zaobao.com.sg,Singapore,Asia,2024,152,678
zaobao.com.sg,Singapore,Asia,2025,103,609
zn.ua,Ukraine,Europe,2021,58,170
zn.ua,Ukraine,Europe,2022,67,231
zn.ua,Ukraine,Europe,2023,44,230
zn.ua,Ukraine,Europe,2024,52,220
zn.ua,Ukraine,Europe,2025,51,301
